apple_label,semi_major_axis,semi_minor_axis,xc,yc,theta,area,perimeter,eccentricity,volume
1a.jpg,382.6,325.89,808.68,1460.16,2.02,391706.02,2229.34,0.52,80
1b.jpg,399.04,363.09,720.77,1344.52,2.28,455177.67,2395.63,0.41,80
3a.jpg,420.33,404.27,829.28,1584.75,0.77,533844.4,2590.81,0.27,130
3b.jpg,429.52,410.53,944.84,1594.39,2.91,553959.56,2639.43,0.29,130
3c.jpg,416.05,396.16,959.69,1544.08,0.71,517808.35,2552.02,0.31,130
3d.jpg,455.51,398.93,922.37,1785.94,0.38,570875.13,2687.24,0.48,130
3e.jpg,422.01,412.7,854.55,1821.73,1.56,547149.01,2622.4,0.21,130
3f.jpg,418.95,402.53,859.57,1743.29,2.32,529793.97,2581.0,0.28,130
3g.jpg,431.45,411.78,686.82,1751.74,0.77,558149.98,2649.46,0.3,130
3h.jpg,457.89,410.95,709.66,1729.87,0.82,591163.45,2731.56,0.44,130
3i.jpg,447.41,420.43,798.97,1750.07,0.04,590935.52,2727.03,0.34,130
4a.jpg,497.02,481.51,861.84,1593.45,3.09,751857.67,3074.36,0.25,200
4b.jpg,510.82,476.55,833.11,1609.27,3.09,764763.74,3102.85,0.36,200
4c.jpg,503.66,488.2,782.37,1580.88,0.09,772488.55,3116.23,0.25,200
4d.jpg,501.99,482.48,1003.56,1590.56,0.03,760907.05,3093.13,0.28,200
4e.jpg,493.72,470.9,911.23,1578.4,0.54,730384.81,3030.84,0.3,200
4f.jpg,497.39,469.69,950.02,1582.58,0.69,733932.02,3038.79,0.33,200
5a.jpg,508.31,467.79,908.86,1592.12,2.55,747016.35,3067.83,0.39,250
5b.jpg,517.32,464.36,967.16,1650.12,2.89,754681.6,3086.28,0.44,250
5c.jpg,519.61,469.96,799.64,1643.0,3.13,767174.29,3110.8,0.43,250
5d.jpg,510.29,480.58,922.73,1592.71,0.29,770440.34,3113.63,0.34,250
5e.jpg,515.44,476.51,964.99,1666.59,0.5,771622.48,3117.52,0.38,250
5f.jpg,495.78,469.44,836.58,1579.6,0.58,731176.94,3032.91,0.32,250
5g.jpg,501.79,481.97,850.82,1617.69,2.47,759786.28,3090.89,0.28,250
5h.jpg,490.64,459.62,932.28,1538.61,2.64,708457.02,2986.13,0.35,250
5i.jpg,506.03,475.53,986.28,1441.26,1.27,755960.18,3084.39,0.34,250
6a.jpg,577.33,524.1,854.53,1661.88,1.78,950576.41,3462.26,0.42,240
6b.jpg,578.16,523.11,837.58,1736.6,1.96,950143.08,3461.9,0.43,240
6c.jpg,596.89,547.4,921.26,1796.08,1.87,1026484.08,3596.59,0.4,240
6d.jpg,591.08,564.21,881.13,1850.47,0.03,1047703.97,3629.95,0.3,240
6e.jpg,586.53,540.89,882.37,1694.31,1.03,996663.08,3543.34,0.39,240
6f.jpg,590.22,522.33,856.58,1607.34,1.4,968516.45,3498.43,0.47,240
6g.jpg,562.71,557.4,933.85,1608.61,1.8,985369.77,3518.94,0.14,240
6h.jpg,586.02,576.03,866.35,1508.15,2.12,1060493.69,3650.76,0.18,240
7a.jpg,556.93,531.55,810.47,1781.7,0.82,930023.29,3420.02,0.3,230
7b.jpg,556.29,512.81,827.72,1760.86,0.44,896204.4,3360.06,0.39,230
7c.jpg,564.96,528.57,749.0,1832.44,2.44,938143.26,3436.37,0.35,230
7d.jpg,552.04,545.04,703.59,1747.19,2.96,945269.45,3446.64,0.16,230
7e.jpg,566.36,529.28,815.36,1804.83,2.32,941728.17,3443.03,0.36,230
7f.jpg,544.45,515.03,682.49,1801.3,3.04,880932.02,3329.1,0.32,230
7g.jpg,565.49,526.84,682.14,1785.61,0.97,935949.72,3432.73,0.36,230
7h.jpg,562.58,540.55,642.93,1835.37,2.6,955369.07,3465.94,0.28,230
7i.jpg,543.13,530.23,782.19,1873.91,2.16,904736.87,3372.2,0.22,230
8a.jpg,422.26,418.09,864.21,1455.07,2.97,554617.54,2640.04,0.14,130
8b.jpg,471.99,420.08,986.76,1621.77,3.13,622888.15,2804.88,0.46,130
8c.jpg,472.31,420.97,985.84,1622.49,3.14,624644.26,2808.66,0.45,130
8d.jpg,458.89,416.39,863.13,1647.55,0.32,600281.63,2751.38,0.42,130
8e.jpg,454.76,423.8,703.37,1633.69,0.29,605481.83,2760.96,0.36,130
8f.jpg,466.98,423.14,767.06,1691.91,0.15,620778.3,2798.1,0.42,130
8g.jpg,467.11,424.44,765.33,1692.58,0.16,622855.81,2802.5,0.42,130
8h.jpg,473.13,424.74,704.37,1672.76,0.25,631315.62,2822.77,0.44,130
8i.jpg,439.46,432.3,884.87,1460.69,1.21,596836.9,2738.76,0.18,130
8j.jpg,471.85,419.07,953.56,1625.81,0.04,621202.92,2801.34,0.46,130
9a.jpg,551.71,484.44,682.83,1890.02,2.77,839662.2,3258.61,0.48,170
9b.jpg,549.69,449.46,584.68,1903.7,2.99,776168.83,3146.82,0.58,170
9c.jpg,532.29,485.93,550.87,1891.36,0.44,812593.42,3200.5,0.41,170
9d.jpg,546.1,474.68,628.6,1818.6,0.53,814368.33,3210.79,0.49,170
9e.jpg,544.33,475.38,544.04,1781.71,0.05,812931.47,3207.18,0.49,170
9g.jpg,539.22,482.15,815.99,1794.81,2.73,816770.9,3211.24,0.45,170
9h.jpg,496.73,465.43,792.09,1650.37,2.41,726322.75,3023.53,0.35,170
9i.jpg,503.95,473.45,813.04,1617.01,0.02,749578.3,3071.36,0.34,170
10a.jpg,534.7,475.43,719.39,1730.65,1.19,798633.39,3176.15,0.46,160
10b.jpg,508.3,484.66,826.31,1697.6,2.05,773941.95,3119.92,0.3,160
10c.jpg,517.4,483.03,728.41,1668.83,1.85,785138.5,3143.86,0.36,160
10d.jpg,526.37,497.04,927.15,1735.28,1.53,821923.6,3215.79,0.33,160
10e.jpg,519.04,505.31,948.89,1724.92,2.31,823969.25,3218.24,0.23,160
10f.jpg,511.18,472.34,902.41,1675.48,0.76,758535.73,3091.01,0.38,160
10g.jpg,520.97,477.8,936.52,1505.56,1.59,782002.15,3139.19,0.4,160
10h.jpg,529.16,496.46,891.71,1531.39,2.85,825320.18,3222.9,0.35,160
10i.jpg,535.39,468.09,826.21,1678.15,1.71,787306.89,3156.05,0.49,160
11a.jpg,576.45,538.42,674.77,1634.5,3.1,975053.59,3503.47,0.36,230
11b.jpg,602.75,529.88,670.49,1672.09,3.1,1003391.5,3561.97,0.48,230
11c.jpg,593.86,543.8,633.44,1645.47,0.15,1014540.11,3575.78,0.4,230
11d.jpg,582.24,529.21,702.49,1637.32,0.43,968005.01,3493.7,0.42,230
11e.jpg,564.0,530.84,688.81,1595.7,0.32,940562.32,3440.31,0.34,230
11f.jpg,564.72,546.07,728.3,1658.77,2.79,968794.42,3489.9,0.25,230
11g.jpg,545.48,530.18,732.92,1630.01,0.03,908557.37,3379.46,0.24,230
11h.jpg,562.26,542.49,816.97,1507.29,1.17,958241.06,3470.94,0.26,230
12a.jpg,440.86,424.07,920.04,1608.83,0.47,587336.54,2717.51,0.27,100
12b.jpg,438.3,425.44,916.07,1611.98,0.52,585812.65,2713.67,0.24,100
12c.jpg,451.36,428.12,682.72,1588.84,1.14,607073.89,2763.46,0.32,100
12d.jpg,461.94,422.42,988.47,1580.01,2.62,613036.5,2779.71,0.4,100
12e.jpg,462.2,408.52,947.91,1599.37,3.04,593186.93,2738.04,0.47,100
12f.jpg,455.66,414.9,837.27,1551.93,0.69,593924.24,2736.43,0.41,100
12g.jpg,460.6,412.99,925.32,1522.85,0.77,597607.22,2746.51,0.44,100
12h.jpg,442.72,403.08,975.98,1509.6,1.83,560625.07,2658.63,0.41,100
12i.jpg,448.05,412.83,1000.95,1552.96,2.25,581104.9,2705.69,0.39,100
13a.jpg,502.36,442.18,630.66,1425.54,2.97,697852.51,2970.37,0.47,140
13b.jpg,513.61,452.09,582.63,1454.67,2.93,729482.0,3036.94,0.47,140
13c.jpg,501.22,460.89,665.66,1472.07,0.32,725725.3,3023.87,0.39,140
13d.jpg,492.04,451.45,711.96,1533.37,0.2,697856.95,2965.45,0.4,140
13e.jpg,494.85,443.49,694.42,1522.24,0.24,689451.74,2950.08,0.44,140
13f.jpg,494.8,474.76,664.06,1538.0,3.06,737986.98,3046.27,0.28,140
13g.jpg,500.68,442.65,735.54,1523.65,2.82,696250.83,2966.35,0.47,140
13h.jpg,479.59,446.14,751.73,1592.88,1.26,672190.49,2909.22,0.37,140
13i.jpg,458.47,438.48,775.69,1551.97,3.12,631554.03,2818.2,0.29,140
14a.jpg,437.62,417.22,816.16,1402.08,2.33,573601.09,2685.94,0.3,80
14b.jpg,432.72,406.07,953.55,1417.77,2.41,552027.46,2635.81,0.35,80
14c.jpg,432.24,418.04,822.3,1399.62,2.65,567664.04,2671.42,0.25,80
14d.jpg,438.32,421.46,899.27,1422.32,0.13,580366.09,2701.35,0.27,80
14e.jpg,434.47,416.07,854.07,1388.37,0.57,567909.08,2672.37,0.29,80
14f.jpg,440.86,418.38,918.85,1295.59,1.42,579464.77,2699.86,0.32,80
14g.jpg,435.5,427.37,899.48,1392.2,0.24,584706.08,2710.83,0.19,80
14h.jpg,433.68,416.35,681.83,1459.24,0.32,567251.95,2670.72,0.28,80
14i.jpg,435.32,417.69,698.5,1481.58,3.06,571230.18,2680.09,0.28,80
15a.jpg,583.12,534.56,711.04,1359.19,0.4,979272.72,3512.95,0.4,210
15b.jpg,573.33,550.36,765.94,1364.68,0.43,991280.27,3530.52,0.28,210
15c.jpg,582.23,518.08,827.15,1357.16,0.02,947643.7,3459.68,0.46,210
15d.jpg,579.42,546.83,686.84,1404.36,2.97,995385.7,3538.94,0.33,210
15e.jpg,579.62,541.9,937.01,1380.05,0.12,986770.0,3524.37,0.35,210
15f.jpg,597.11,516.43,851.89,1420.23,0.06,968746.48,3502.86,0.5,210
15g.jpg,557.95,519.66,790.98,1435.06,1.92,910887.96,3386.48,0.36,210
15h.jpg,562.39,533.43,882.17,1387.04,1.07,942465.74,3443.22,0.32,210
16a.jpg,473.65,469.23,710.16,1387.15,2.46,698210.42,2962.14,0.14,180
16b.jpg,478.94,469.11,625.07,1275.19,2.07,705849.07,2978.49,0.2,180
16c.jpg,481.43,447.27,649.41,1244.07,2.86,676475.12,2918.58,0.37,180
16d.jpg,482.06,446.57,708.38,1312.91,2.99,676309.63,2918.46,0.38,180
16e.jpg,497.21,476.89,573.08,1320.67,1.06,744911.78,3060.55,0.28,180
16f.jpg,486.87,469.9,636.66,1366.47,0.73,718723.38,3006.0,0.26,180
16g.jpg,474.33,464.14,704.7,1335.8,1.43,691631.86,2948.36,0.21,180
16h.jpg,476.16,469.97,678.37,1290.42,2.45,703034.06,2972.4,0.16,180
16i.jpg,483.45,457.63,704.4,1353.27,1.64,695049.97,2957.05,0.32,180
16j.jpg,484.05,468.93,781.59,1404.45,1.8,713105.54,2994.08,0.25,180
16k.jpg,503.74,466.03,703.29,1397.9,2.08,737515.44,3047.78,0.38,180
16l.jpg,472.98,448.36,776.73,1418.19,0.92,666229.82,2895.01,0.32,180
17a.jpg,534.59,472.67,707.15,1195.04,3.07,793826.17,3167.38,0.47,140
17b.jpg,541.97,466.58,649.41,1217.91,3.0,794409.23,3172.86,0.51,140
17c.jpg,543.47,470.04,593.84,1191.56,3.01,802533.89,3188.22,0.5,140
17d.jpg,540.58,463.61,713.41,1274.84,0.19,787342.04,3159.4,0.51,140
17e.jpg,522.65,472.44,713.97,1287.39,0.33,775724.21,3128.16,0.43,140
17f.jpg,514.51,472.58,819.83,1321.88,0.41,763863.63,3102.42,0.4,140
17g.jpg,528.07,471.66,762.35,1330.95,0.11,782472.48,3143.24,0.45,140
17h.jpg,530.6,467.47,882.95,1402.55,3.11,779231.23,3138.65,0.47,140
17i.jpg,502.84,487.38,719.94,1447.54,2.68,769921.45,3111.05,0.25,140
17j.jpg,482.51,454.63,811.4,1322.56,1.37,689160.24,2944.78,0.34,140
18a.jpg,466.84,441.57,756.0,1122.75,1.47,647612.16,2854.4,0.32,120
18b.jpg,474.11,429.8,710.67,1288.12,2.61,640158.9,2841.4,0.42,120
18c.jpg,479.67,429.99,894.56,1247.18,2.63,647972.25,2859.93,0.44,120
18d.jpg,489.91,451.78,683.65,1310.68,2.95,695325.95,2959.6,0.39,120
18e.jpg,480.05,450.2,750.47,1317.2,3.09,678961.22,2923.23,0.35,120
18f.jpg,476.13,454.84,938.27,1283.36,0.12,680344.5,2925.09,0.3,120
18g.jpg,477.42,425.88,826.08,1245.7,0.65,638760.5,2840.11,0.45,120
18h.jpg,482.65,460.59,807.06,1262.46,0.28,698380.45,2963.67,0.3,120
18i.jpg,475.56,454.72,1033.71,1334.35,3.08,679366.57,2922.94,0.29,120
18j.jpg,461.54,428.01,874.88,1247.83,0.71,620599.69,2795.59,0.37,120
19a.jpg,489.11,464.12,1014.78,1240.8,3.09,713162.68,2995.18,0.32,170
19b.jpg,483.54,471.94,876.44,1157.35,3.12,716911.09,3001.83,0.22,170
19c.jpg,484.66,482.98,964.71,1177.51,1.52,735388.87,3039.94,0.08,170
19d.jpg,488.47,483.95,1050.39,1245.78,1.71,742650.98,3054.95,0.14,170
19e.jpg,488.5,477.5,544.64,1262.16,1.45,732806.89,3034.88,0.21,170
19f.jpg,488.47,477.56,544.76,1262.13,1.45,732854.18,3034.98,0.21,170
19g.jpg,488.32,477.22,683.67,1274.96,1.92,732116.51,3033.46,0.21,170
19h.jpg,485.59,457.4,692.88,1311.35,3.1,697787.05,2963.18,0.34,170
19i.jpg,487.45,447.13,691.48,1238.76,2.2,684724.76,2937.44,0.4,170
19j.jpg,496.31,460.76,750.45,1248.39,1.47,718420.77,3007.77,0.37,170
20a.jpg,472.18,428.8,832.82,1249.88,3.14,636090.88,2832.18,0.42,120
20b.jpg,469.57,435.26,682.49,1301.78,0.28,642092.18,2843.62,0.38,120
20c.jpg,471.26,422.51,966.77,1321.56,3.01,625527.57,2809.95,0.44,120
20d.jpg,482.52,412.32,812.35,1258.02,0.14,625030.71,2815.55,0.52,120
20e.jpg,480.48,425.55,787.22,1250.38,0.11,642353.3,2848.99,0.46,120
20f.jpg,470.55,423.38,937.53,1241.44,0.13,625872.08,2810.32,0.44,120
20g.jpg,459.97,416.19,954.07,1220.84,3.05,601414.11,2754.26,0.43,120
20h.jpg,448.27,425.36,880.81,1312.11,2.44,599026.25,2745.06,0.32,120
20i.jpg,437.55,424.03,908.14,1212.46,0.88,582876.03,2706.91,0.25,120
20j.jpg,438.34,426.25,950.76,1072.65,1.23,586972.13,2716.3,0.23,120
20k.jpg,441.7,435.22,815.57,1177.91,1.7,603929.01,2754.96,0.17,120
21a.jpg,535.22,448.4,952.94,1287.72,1.09,753951.55,3096.14,0.55,160
21b.jpg,540.96,476.08,877.52,1186.09,0.25,809096.91,3198.4,0.47,160
21c.jpg,526.93,468.89,883.0,1266.26,2.15,776192.66,3131.1,0.46,160
21d.jpg,549.05,451.47,1030.29,1366.84,2.01,778743.26,3150.72,0.57,160
21e.jpg,516.28,479.13,853.47,1428.55,0.65,777119.54,3128.26,0.37,160
21f.jpg,515.27,478.89,854.97,1430.54,0.63,775204.1,3124.28,0.37,160
21g.jpg,542.9,456.96,893.21,1399.1,1.46,779379.81,3146.96,0.54,160
21h.jpg,532.91,449.32,1092.6,1329.88,1.35,752243.72,3091.36,0.54,160
21i.jpg,526.46,474.19,961.64,1127.47,0.61,784268.13,3145.77,0.43,160
21j.jpg,533.6,481.35,886.19,1239.08,2.23,806904.76,3190.66,0.43,160
21k.jpg,525.58,468.97,980.87,1297.51,1.46,774343.05,3127.0,0.45,160
21l.jpg,536.24,488.9,766.8,1063.65,2.23,823632.86,3222.31,0.41,160
21m.jpg,531.14,454.17,964.14,1114.55,1.23,757834.83,3100.16,0.52,160
21n.jpg,496.28,488.56,831.64,1076.07,1.58,761722.7,3094.02,0.18,160
21o.jpg,553.11,461.07,861.79,1220.47,2.2,801184.73,3192.72,0.55,160
21p.jpg,549.17,461.68,1007.84,1254.15,2.11,796521.09,3181.62,0.54,160
21q.jpg,513.15,484.73,830.25,1304.57,0.94,781431.98,3135.56,0.33,160
21r.jpg,546.04,476.06,783.68,1269.35,1.49,816645.25,3214.78,0.49,160
21s.jpg,547.08,477.21,782.33,1269.14,1.49,820171.35,3221.63,0.49,160
21t.jpg,529.31,464.26,1059.27,1195.42,1.44,771999.3,3124.72,0.48,160
21u.jpg,540.96,483.68,900.0,1326.56,0.59,822005.4,3221.52,0.45,160
22a.jpg,428.7,411.68,761.99,1397.58,1.89,554454.7,2640.41,0.28,120
22b.jpg,442.98,413.51,910.88,1226.71,2.49,575464.88,2691.54,0.36,120
22c.jpg,429.13,408.86,893.74,1288.25,2.07,551216.38,2633.03,0.3,120
22d.jpg,442.95,419.98,776.7,1393.37,0.02,584431.68,2711.46,0.32,120
22e.jpg,450.61,416.93,825.52,1372.47,0.09,590223.89,2726.49,0.38,120
22f.jpg,438.53,415.76,855.17,1328.13,0.53,572791.08,2684.32,0.32,120
22g.jpg,438.76,399.51,814.61,1292.69,1.08,550693.58,2634.96,0.41,120
22h.jpg,432.09,425.23,906.95,1305.28,0.83,577232.4,2693.4,0.18,120
22i.jpg,431.29,424.43,879.73,1283.48,0.87,575077.52,2688.37,0.18,120
22j.jpg,429.04,421.32,902.1,1144.84,0.57,567890.01,2671.55,0.19,120
22k.jpg,426.1,421.34,850.09,1143.67,0.73,564027.75,2662.35,0.15,120
23a.jpg,494.42,439.55,869.7,1401.84,2.04,682745.49,2936.7,0.46,160
23b.jpg,509.3,436.74,816.85,1204.98,2.4,698786.98,2976.44,0.51,160
23c.jpg,499.76,458.19,761.52,1206.92,1.98,719383.93,3010.92,0.4,160
23d.jpg,502.52,469.46,798.32,1185.58,1.19,741143.28,3054.45,0.36,160
23e.jpg,483.16,454.04,769.25,1452.94,1.04,689194.88,2945.04,0.34,160
23f.jpg,503.13,428.89,727.33,1342.66,1.35,677923.24,2932.69,0.52,160
23g.jpg,500.83,474.13,811.33,1276.19,1.73,746000.62,3063.51,0.32,160
23h.jpg,514.78,482.91,823.44,1184.52,0.2,780972.43,3135.13,0.35,160
23i.jpg,487.71,456.74,737.89,1297.73,3.05,699809.29,2967.87,0.35,160
24a.jpg,481.97,447.27,871.84,1166.76,2.92,677234.27,2920.31,0.37,150
24b.jpg,486.95,405.25,770.67,1151.42,2.68,619953.56,2808.82,0.55,150
24c.jpg,476.23,425.89,769.19,1197.22,3.04,637176.29,2836.29,0.45,150
24d.jpg,481.63,444.58,796.28,1208.74,0.35,672693.73,2910.95,0.38,150
24e.jpg,488.4,421.24,982.01,1188.53,0.9,646332.27,2861.61,0.51,150
24f.jpg,477.39,423.15,823.3,1064.29,0.47,634626.13,2831.7,0.46,150
24g.jpg,477.59,448.58,859.8,1086.64,2.79,673053.27,2910.38,0.34,150
24h.jpg,488.67,441.19,949.35,1109.45,2.46,677322.95,2923.16,0.43,150
24i.jpg,457.45,424.97,982.97,995.68,2.73,610729.39,2773.13,0.37,150
24j.jpg,466.32,444.08,969.17,1327.66,0.84,650571.0,2860.53,0.31,150
25a.jpg,496.89,471.75,723.88,1172.37,0.43,736412.14,3043.58,0.31,110
25b.jpg,482.01,464.82,830.8,1035.87,1.21,703874.16,2974.81,0.26,110
25c.jpg,487.04,463.29,851.14,1012.22,2.64,708862.31,2986.0,0.31,110
25d.jpg,521.21,451.47,737.74,1092.91,2.25,739245.32,3059.68,0.5,110
25e.jpg,505.91,464.79,894.57,1161.91,2.84,738722.93,3050.92,0.39,110
25f.jpg,505.37,464.34,778.18,1133.66,0.56,737212.82,3047.79,0.39,110
25g.jpg,519.2,454.66,886.04,1036.92,0.93,741611.18,3062.85,0.48,110
25h.jpg,504.6,463.09,924.74,1084.12,1.69,734115.62,3041.49,0.4,110
25i.jpg,485.51,453.58,853.12,1199.66,0.02,691835.64,2951.09,0.36,110
26a.jpg,434.14,416.7,945.38,1256.74,1.15,568341.97,2673.29,0.28,110
26b.jpg,421.72,415.26,852.01,1244.49,2.96,550176.65,2629.51,0.17,110
26c.jpg,437.1,421.39,820.98,1253.34,2.66,578648.53,2697.25,0.27,110
26d.jpg,436.62,420.01,873.99,1239.71,3.03,576116.43,2691.43,0.27,110
26e.jpg,439.6,407.92,780.51,1213.88,3.05,563362.95,2663.51,0.37,110
26f.jpg,440.75,408.25,780.93,1212.47,3.09,565291.55,2668.2,0.38,110
26g.jpg,431.5,430.3,688.79,1137.09,0.46,583314.12,2707.43,0.07,110
26h.jpg,431.32,415.67,784.95,1119.71,1.27,563243.33,2661.12,0.27,110
26i.jpg,424.33,419.67,725.23,1131.18,2.37,559443.89,2651.51,0.15,110
26j.jpg,431.91,424.92,690.89,1078.09,2.71,576570.34,2691.86,0.18,110
26k.jpg,433.84,427.48,650.13,1073.54,2.32,582629.73,2705.95,0.17,110
26l.jpg,420.61,404.09,742.2,1155.06,0.95,533956.76,2591.13,0.28,110
26m.jpg,430.07,414.64,780.5,1038.87,0.17,560232.09,2653.98,0.27,110
27a.jpg,529.38,492.09,970.43,1460.69,1.85,818398.7,3210.12,0.37,220
27b.jpg,546.69,506.39,828.19,1431.03,1.95,869698.52,3309.53,0.38,220
27c.jpg,524.5,507.1,1011.76,1490.9,1.97,835589.81,3241.11,0.26,220
27d.jpg,532.58,520.5,986.46,1485.23,1.56,870889.55,3308.49,0.21,220
27e.jpg,538.62,495.52,1040.51,1441.36,1.5,838481.39,3250.26,0.39,220
27f.jpg,541.66,485.68,1035.04,1383.76,1.55,826471.4,3229.88,0.44,220
27g.jpg,518.59,484.23,1092.97,1385.65,1.74,788913.19,3151.39,0.36,220
27h.jpg,522.7,505.03,1059.86,1347.34,2.22,829317.29,3228.95,0.26,220
27i.jpg,548.09,522.59,1177.36,1343.46,1.55,899831.64,3364.11,0.3,220
28a.jpg,494.98,447.18,743.97,1267.7,0.77,695373.97,2961.78,0.43,130
28b.jpg,491.71,483.79,841.22,1333.66,1.76,747345.98,3064.69,0.18,130
28c.jpg,503.96,470.96,872.56,1294.94,0.1,745651.68,3063.7,0.36,130
28d.jpg,500.63,463.57,773.01,1348.41,2.94,729090.58,3030.24,0.38,130
28e.jpg,488.07,481.15,794.12,1288.42,1.14,737748.11,3044.92,0.17,130
28f.jpg,492.19,474.68,955.6,1312.19,1.37,733978.77,3037.76,0.26,130
28g.jpg,482.61,452.05,808.84,1354.06,0.57,685371.88,2937.08,0.35,130
28h.jpg,487.37,447.54,910.03,1401.61,1.38,685240.09,2938.45,0.4,130
28i.jpg,498.17,469.6,952.05,1270.73,1.9,734940.08,3040.99,0.33,130
29a.jpg,493.94,457.27,503.0,1488.59,0.3,709570.38,2989.42,0.38,150
29b.jpg,483.44,456.33,635.08,1528.38,0.48,693065.58,2953.0,0.33,150
29c.jpg,489.68,478.28,582.85,1451.32,1.29,735778.22,3041.05,0.21,150
29d.jpg,480.76,464.89,714.68,1482.69,0.01,702145.01,2971.05,0.25,150
29e.jpg,501.81,454.39,700.79,1488.84,0.01,716336.17,3005.83,0.42,150
29f.jpg,497.39,475.82,600.2,1452.67,2.96,743507.5,3057.79,0.29,150
29g.jpg,495.26,463.48,689.63,1442.53,2.97,721134.67,3012.8,0.35,150
29h.jpg,490.16,469.13,655.34,1348.0,0.45,722396.63,3014.04,0.29,150
29i.jpg,473.45,452.54,810.45,1285.34,1.73,673111.49,2909.47,0.29,150
29j.jpg,488.24,469.72,665.79,1292.42,1.92,720470.24,3009.78,0.27,150
30a.jpg,490.36,454.23,644.93,1310.13,2.04,699749.34,2968.61,0.38,180
30b.jpg,487.34,469.63,675.02,1236.22,0.29,719014.9,3006.67,0.27,180
30c.jpg,545.03,468.59,645.51,1334.57,3.08,802349.97,3188.91,0.51,180
30d.jpg,535.91,462.21,655.43,1448.13,3.1,778174.77,3139.95,0.51,180
30e.jpg,539.42,458.04,739.08,1447.86,3.09,776211.29,3138.83,0.53,180
30f.jpg,545.61,450.87,663.69,1440.76,3.11,772833.3,3137.62,0.56,180
30g.jpg,549.83,464.52,692.89,1437.71,0.22,802373.53,3192.29,0.54,180
30h.jpg,556.32,454.09,823.94,1427.76,0.02,793624.99,3182.42,0.58,180
30i.jpg,550.22,447.24,795.3,1384.86,2.96,773081.89,3141.96,0.58,180
30j.jpg,488.35,469.4,807.55,1337.82,2.38,720149.5,3009.15,0.28,180
30k.jpg,471.65,456.14,867.86,1317.94,0.66,675880.69,2914.95,0.25,180
31a.jpg,518.37,500.5,528.24,1361.66,0.62,815070.96,3201.13,0.26,200
31b.jpg,501.58,476.88,598.88,1284.66,0.24,751443.22,3074.4,0.31,200
31c.jpg,507.83,495.24,572.97,1359.9,2.02,790106.02,3151.37,0.22,200
31d.jpg,510.38,496.21,633.54,1348.16,0.98,795624.96,3162.45,0.23,200
31e.jpg,507.13,491.07,747.65,1356.24,0.48,782369.79,3136.14,0.25,200
31f.jpg,508.81,489.9,710.59,1312.39,0.87,783089.5,3137.82,0.27,200
31g.jpg,504.95,495.37,756.6,1358.01,1.63,785827.16,3142.67,0.19,200
31h.jpg,500.49,486.78,773.48,1377.53,0.11,765379.2,3101.74,0.23,200
31i.jpg,501.77,469.51,755.73,1334.18,2.49,740120.56,3052.22,0.35,200
31j.jpg,515.29,501.16,789.41,1290.77,1.37,811291.03,3193.42,0.23,200
31k.jpg,518.49,504.0,748.27,1338.83,1.36,820957.22,3212.41,0.23,200
31l.jpg,505.85,474.09,725.55,1383.03,2.35,753415.68,3079.39,0.35,200
32a.jpg,536.54,504.29,820.71,1458.02,1.72,850037.36,3270.67,0.34,240
32b.jpg,545.96,520.01,785.23,1472.46,2.42,891905.07,3349.33,0.3,240
32c.jpg,536.5,508.39,820.84,1504.36,3.13,856862.1,3283.19,0.32,240
32d.jpg,537.45,529.5,740.18,1541.28,2.33,894037.63,3351.98,0.17,240
32e.jpg,540.56,516.37,806.83,1576.18,1.54,876909.17,3320.88,0.3,240
32f.jpg,534.67,514.81,972.72,1606.34,1.77,864732.48,3297.33,0.27,240
32g.jpg,541.53,520.94,1010.76,1568.69,0.78,886255.11,3338.16,0.27,240
32h.jpg,534.63,523.91,934.55,1538.33,0.92,879952.85,3325.58,0.2,240
32i.jpg,549.39,527.94,978.85,1504.44,1.4,911202.41,3384.87,0.28,240
32j.jpg,533.45,504.11,935.84,1430.38,0.96,844824.63,3260.23,0.33,240
32k.jpg,547.18,515.31,963.74,1484.18,3.11,885825.16,3338.66,0.34,240
33a.jpg,535.82,476.78,565.29,1547.1,1.77,802580.04,3183.89,0.46,225
33b.jpg,551.19,487.1,577.16,1554.34,1.4,843471.55,3265.0,0.47,225
33c.jpg,540.28,477.08,594.93,1514.09,1.25,809760.16,3199.2,0.47,225
33d.jpg,546.74,495.67,593.53,1380.7,1.36,851377.0,3276.79,0.42,225
33e.jpg,537.59,508.01,656.98,1395.44,1.64,857978.01,3285.52,0.33,225
33f.jpg,558.47,468.64,623.71,1555.83,1.7,822226.77,3232.94,0.54,225
33g.jpg,537.23,525.61,651.69,1439.26,0.63,887094.45,3339.1,0.21,225
33h.jpg,530.39,514.95,773.1,1493.71,0.17,858042.56,3284.21,0.24,225
33i.jpg,530.15,514.99,772.46,1493.82,0.18,857724.43,3283.58,0.24,225
34a.jpg,480.69,472.62,882.19,1373.25,2.97,713707.39,2994.94,0.18,180
34b.jpg,479.41,463.15,762.82,1336.06,0.83,697552.79,2961.35,0.26,180
34c.jpg,474.16,466.16,827.26,1308.28,1.32,694393.08,2954.14,0.18,180
34d.jpg,471.2,466.61,804.79,1329.61,2.39,690738.43,2946.25,0.14,180
34e.jpg,478.76,472.07,935.76,1357.85,3.04,710015.34,2987.14,0.17,180
34f.jpg,488.28,460.62,828.11,1291.52,2.73,706584.88,2981.7,0.33,180
34g.jpg,459.64,447.42,892.29,1264.22,2.45,646079.61,2849.75,0.23,180
34h.jpg,474.5,463.35,845.64,1233.68,1.54,690713.29,2946.46,0.22,180
35a.jpg,523.5,499.76,778.27,1429.04,2.85,821925.51,3215.11,0.3,200
35b.jpg,535.93,491.31,789.58,1432.97,0.16,827207.72,3228.7,0.4,200
35c.jpg,540.44,486.73,672.95,1500.61,0.1,826382.8,3229.14,0.43,200
35d.jpg,534.28,507.68,693.36,1389.17,0.47,852142.88,3273.96,0.31,200
35e.jpg,514.13,487.37,824.65,1416.52,0.39,787195.13,3146.87,0.32,200
35f.jpg,515.36,495.78,791.54,1356.98,2.99,802683.05,3176.87,0.27,200
35g.jpg,508.88,486.78,866.47,1427.67,2.49,778225.47,3128.37,0.29,200
35h.jpg,490.77,473.92,818.88,1311.06,2.0,730686.69,3030.89,0.26,200
36a.jpg,472.83,441.16,596.77,1430.39,0.16,655318.56,2872.25,0.36,150
36b.jpg,470.65,443.8,649.1,1436.65,0.08,656191.12,2873.43,0.33,150
36c.jpg,473.55,427.43,716.57,1435.07,0.36,635891.22,2832.37,0.43,150
36d.jpg,453.72,447.49,667.02,1364.73,1.29,637844.79,2831.25,0.17,150
36e.jpg,452.05,433.51,709.63,1369.11,2.86,615659.86,2782.39,0.28,150
36f.jpg,472.68,430.78,668.07,1423.58,3.02,639693.83,2839.83,0.41,150
36g.jpg,436.75,418.77,783.83,1396.42,0.41,574588.83,2687.99,0.28,150
36h.jpg,451.05,429.04,810.87,1430.0,0.17,607963.26,2765.33,0.31,150
37a.jpg,442.9,418.18,823.58,1513.59,1.97,581870.16,2705.74,0.33,150
37b.jpg,441.7,419.13,918.19,1466.51,2.01,581614.99,2704.87,0.32,150
37c.jpg,442.98,437.05,852.08,1452.9,1.46,608223.83,2764.72,0.16,150
37d.jpg,444.36,418.31,828.22,1405.36,1.45,583956.72,2710.77,0.34,150
37e.jpg,449.07,423.93,863.82,1403.94,1.58,598074.37,2743.17,0.33,150
37f.jpg,453.95,432.83,934.18,1428.25,1.75,617269.04,2786.29,0.3,150
37g.jpg,440.64,426.63,914.85,1325.14,0.3,590597.63,2724.81,0.25,150
37h.jpg,442.65,428.79,978.24,1324.33,0.32,596283.45,2737.88,0.25,150
38a.jpg,490.35,475.89,753.28,1646.5,1.37,733099.01,3035.7,0.24,180
38b.jpg,489.69,474.72,754.51,1645.29,1.37,730305.71,3029.95,0.25,180
38c.jpg,475.61,470.27,860.49,1622.3,2.53,702675.74,2971.62,0.15,180
38d.jpg,480.13,469.57,716.85,1582.33,2.05,708299.13,2983.69,0.21,180
38e.jpg,491.26,468.47,888.14,1634.96,1.99,723000.83,3015.49,0.3,180
38f.jpg,476.85,473.96,859.66,1595.16,0.93,710015.9,2987.05,0.11,180
38g.jpg,491.14,480.36,853.26,1637.68,0.86,741179.01,3052.16,0.21,180
38h.jpg,471.67,461.52,838.74,1509.21,0.21,683875.57,2931.78,0.21,180
38i.jpg,489.57,479.46,811.48,1397.17,0.58,737430.05,3044.39,0.2,180
39a.jpg,475.59,419.44,632.77,1234.84,3.03,626697.91,2814.61,0.47,155
39b.jpg,465.72,449.87,497.12,1264.83,0.29,658213.85,2876.64,0.26,155
39c.jpg,453.87,435.03,678.38,1315.1,2.83,620300.07,2792.88,0.29,155
39d.jpg,465.9,426.2,693.01,1239.44,3.07,623808.24,2803.99,0.4,155
39e.jpg,459.02,433.49,773.88,1257.43,0.06,625121.88,2804.49,0.33,155
39f.jpg,464.28,425.3,850.28,1190.68,2.87,620340.76,2796.06,0.4,155
39g.jpg,443.46,424.65,846.45,1183.59,2.01,591609.06,2727.57,0.29,155
39h.jpg,437.52,413.53,845.67,1213.43,0.76,568397.15,2674.17,0.33,155
40a.jpg,545.35,515.24,690.53,1145.36,2.05,882732.26,3332.59,0.33,240
40b.jpg,555.6,516.37,614.08,1134.49,2.49,901311.7,3368.83,0.37,240
40c.jpg,574.04,532.74,736.58,1237.91,2.21,960751.69,3478.28,0.37,240
40d.jpg,552.01,530.83,757.9,1212.93,0.19,920565.91,3402.18,0.27,240
40e.jpg,552.88,506.46,833.77,1162.3,0.54,879682.64,3329.61,0.4,240
40f.jpg,550.61,521.65,883.19,1053.28,1.5,902350.41,3369.23,0.32,240
40g.jpg,567.12,532.49,778.22,1155.03,2.56,948712.03,3455.38,0.34,240
40h.jpg,549.39,505.81,966.9,1115.5,1.98,873008.07,3316.42,0.39,240
41a.jpg,487.29,434.7,1016.66,1046.29,0.22,665471.65,2898.88,0.45,150
41b.jpg,469.01,466.5,845.44,1050.95,0.6,687356.39,2938.99,0.1,150
41c.jpg,477.5,463.19,1055.24,1015.71,2.39,694839.71,2955.44,0.24,150
41d.jpg,476.19,447.63,824.34,1029.81,2.59,669655.44,2902.97,0.34,150
41e.jpg,476.16,466.98,909.84,1058.71,0.81,698561.2,2963.04,0.2,150
41f.jpg,479.01,460.41,1081.5,1004.64,2.91,692841.36,2951.55,0.28,150
41g.jpg,482.1,434.03,984.42,1035.51,2.79,657368.51,2880.1,0.44,150
41h.jpg,482.85,455.36,803.36,858.18,0.92,690747.33,2948.11,0.33,150
42a.jpg,605.54,575.33,744.32,1170.45,0.45,1094498.02,3710.44,0.31,350
42b.jpg,597.73,574.51,808.97,1181.87,0.59,1078837.04,3683.08,0.28,350
42c.jpg,614.47,543.62,865.35,1101.96,0.16,1049410.62,3641.65,0.47,350
42d.jpg,623.49,571.56,830.48,1156.61,2.95,1119545.38,3756.13,0.4,350
42e.jpg,619.32,567.47,855.77,1142.08,2.95,1104098.83,3730.19,0.4,350
42f.jpg,607.95,546.41,858.22,1140.87,3.12,1043614.97,3629.12,0.44,350
42g.jpg,609.98,579.47,810.4,1111.46,0.72,1110434.78,3737.37,0.31,350
42h.jpg,602.42,577.31,881.25,936.23,0.77,1092604.1,3706.67,0.29,350
42i.jpg,594.67,536.24,923.86,963.91,2.47,1001800.29,3555.21,0.43,350
43a.jpg,469.64,451.66,730.07,1221.92,1.16,666387.07,2894.62,0.27,150
43b.jpg,464.16,443.69,742.95,1194.5,2.56,646994.8,2852.47,0.29,150
43c.jpg,480.82,443.32,714.13,1259.93,2.36,669663.85,2904.49,0.39,150
43d.jpg,476.43,455.94,732.16,1308.97,2.6,682426.49,2929.48,0.29,150
43e.jpg,477.56,450.32,732.7,1254.28,0.5,675610.36,2915.64,0.33,150
43f.jpg,481.22,447.38,723.39,1217.75,0.93,676343.91,2918.24,0.37,150
43g.jpg,454.77,448.0,786.73,1200.58,1.7,640067.63,2836.2,0.17,150
43h.jpg,458.77,443.84,909.42,1146.2,2.42,639698.28,2835.84,0.25,150
43i.jpg,469.62,452.02,847.63,1033.67,0.57,666888.93,2895.68,0.27,150
43j.jpg,464.41,435.07,809.01,1105.91,3.12,634751.1,2826.53,0.35,150
44a.jpg,494.91,470.07,807.23,1241.93,1.77,730866.1,3032.07,0.31,210
44b.jpg,509.19,487.39,743.77,1264.47,2.05,779651.49,3131.2,0.29,210
44c.jpg,492.39,474.15,827.77,1156.04,2.24,733461.19,3036.75,0.27,210
44d.jpg,492.13,466.4,893.28,1293.06,1.85,721093.62,3011.86,0.32,210
44e.jpg,495.48,475.51,811.97,1286.61,1.31,740175.02,3050.77,0.28,210
44f.jpg,499.07,471.03,887.59,1268.32,1.7,738509.06,3048.28,0.33,210
44g.jpg,484.63,472.57,832.07,1272.74,1.43,719489.03,3007.24,0.22,210
44h.jpg,510.41,474.46,800.94,1215.63,1.58,760792.5,3095.08,0.37,210
44i.jpg,492.32,462.9,868.13,1201.23,1.75,715958.12,3001.63,0.34,210
44j.jpg,502.47,484.29,975.02,1173.6,2.09,764476.1,3100.26,0.27,210
44k.jpg,491.86,472.34,960.91,1222.4,2.3,729878.66,3029.45,0.28,210
45a.jpg,528.73,481.34,778.15,1323.59,0.33,799532.38,3174.97,0.41,200
45b.jpg,514.6,485.19,649.24,1298.07,0.15,784392.8,3141.62,0.33,200
45c.jpg,507.66,480.32,768.87,1264.14,2.78,766051.14,3104.44,0.32,200
45d.jpg,504.03,479.73,713.48,1294.23,2.72,759620.1,3091.02,0.31,200
45e.jpg,508.49,487.04,785.81,1271.83,3.12,778031.9,3127.91,0.29,200
45f.jpg,521.87,466.63,833.72,1259.99,0.15,765038.93,3107.89,0.45,200
45g.jpg,477.6,462.03,812.02,1234.71,1.14,693236.32,2952.13,0.25,200
45h.jpg,492.95,486.55,813.55,1273.04,0.72,753490.99,3077.22,0.16,200
46a.jpg,534.22,490.08,612.81,1315.11,1.59,822513.77,3219.45,0.4,225
46b.jpg,525.37,500.38,729.97,1320.3,1.65,825882.17,3222.98,0.3,225
46c.jpg,534.06,502.79,652.97,1315.25,3.08,843583.68,3258.11,0.34,225
46d.jpg,542.05,513.75,680.06,1254.54,2.97,874872.35,3317.5,0.32,225
46e.jpg,529.39,524.72,726.78,1324.03,1.17,872681.18,3311.61,0.13,225
46f.jpg,523.9,503.57,827.48,1292.82,2.56,828822.5,3228.22,0.28,225
46g.jpg,527.76,499.45,803.85,1310.42,1.34,828103.36,3227.71,0.32,225
46h.jpg,528.08,484.03,855.51,1212.03,0.35,803010.03,3181.14,0.4,225
46i.jpg,541.72,498.82,890.5,1289.84,0.68,848937.14,3270.37,0.39,225
47a.jpg,537.24,505.71,759.52,1151.37,0.21,853527.32,3277.26,0.34,235
47b.jpg,546.18,494.58,793.44,1136.02,2.42,848637.24,3271.65,0.42,235
47c.jpg,544.14,500.88,747.84,1201.97,2.37,856252.15,3284.46,0.39,235
47d.jpg,536.96,507.7,787.74,1208.94,0.22,856447.72,3282.55,0.33,235
47e.jpg,537.79,482.18,796.71,1136.82,0.72,814656.74,3206.72,0.44,235
47f.jpg,543.64,506.96,813.55,1191.47,0.34,865819.67,3301.53,0.36,235
47g.jpg,506.37,492.19,820.85,1164.29,2.06,782994.39,3137.26,0.23,235
47h.jpg,533.25,518.09,780.69,1113.14,2.07,867932.03,3303.05,0.24,235
48a.jpg,459.39,434.32,787.74,1166.0,0.21,626809.2,2808.21,0.33,170
48b.jpg,463.9,443.59,857.32,1240.5,2.24,646481.55,2851.32,0.29,170
48c.jpg,465.53,447.72,873.25,1210.39,2.6,654801.82,2869.35,0.27,170
48d.jpg,493.51,444.99,749.38,1281.62,2.78,689915.29,2950.36,0.43,170
48e.jpg,465.36,455.72,879.61,1272.87,2.5,666250.87,2893.74,0.2,170
48f.jpg,458.13,430.18,795.56,1187.67,0.15,619138.96,2791.4,0.34,170
48g.jpg,465.55,454.79,599.65,1242.96,0.98,665154.87,2891.42,0.21,170
48h.jpg,466.23,453.85,673.97,1274.33,1.74,664758.54,2890.65,0.23,170
48i.jpg,461.13,439.58,840.3,1287.36,1.17,636806.24,2830.06,0.3,170
48j.jpg,461.48,440.0,840.51,1287.22,1.17,637901.78,2832.48,0.3,170
49a.jpg,509.44,472.07,801.64,1025.66,2.6,755527.86,3084.63,0.38,200
49b.jpg,491.2,461.82,775.08,1085.64,1.09,712663.71,2994.72,0.34,200
49c.jpg,493.36,474.94,891.09,1142.35,0.7,736123.91,3042.27,0.27,200
49d.jpg,495.0,460.02,785.35,1128.93,0.05,715367.28,3001.28,0.37,200
49e.jpg,502.49,481.45,791.73,1136.57,2.56,760021.11,3091.48,0.29,200
49f.jpg,505.52,478.15,903.79,1146.52,2.73,759375.25,3090.9,0.32,200
49g.jpg,503.09,461.04,823.67,1165.89,0.13,728673.75,3030.34,0.4,200
49h.jpg,497.78,481.58,802.14,1126.81,0.93,753110.29,3076.97,0.25,200
49i.jpg,503.6,472.56,885.51,1143.26,1.99,747634.43,3067.46,0.35,200
49j.jpg,489.86,457.96,872.29,1084.93,1.93,704772.96,2978.51,0.35,200
50a.jpg,454.06,442.89,783.41,1132.17,2.89,631773.13,2817.97,0.22,175
50b.jpg,490.95,422.81,686.51,1070.03,2.51,652119.91,2874.64,0.51,175
50c.jpg,488.28,443.05,731.81,1193.56,2.58,679642.14,2927.61,0.42,175
50d.jpg,481.79,443.24,752.63,1198.23,2.54,670892.48,2907.35,0.39,175
50e.jpg,475.55,433.35,795.25,1220.53,2.88,647421.81,2856.94,0.41,175
50f.jpg,493.62,422.23,687.55,1191.98,0.9,654778.28,2881.61,0.52,175
50g.jpg,478.0,448.61,786.86,1200.54,0.55,673669.92,2911.76,0.35,175
50h.jpg,490.98,436.01,841.2,1081.93,0.09,672532.3,2914.8,0.46,175
50i.jpg,475.73,439.64,953.41,1104.79,0.14,657058.43,2876.82,0.38,175
51a.jpg,479.44,453.98,603.7,1338.77,0.41,683793.96,2932.99,0.32,150
51b.jpg,474.22,465.49,732.46,1357.68,1.47,693488.16,2952.25,0.19,150
51c.jpg,476.75,447.07,704.21,1335.64,2.69,669601.26,2903.02,0.35,150
51d.jpg,481.42,464.77,705.43,1343.62,2.37,702928.06,2972.77,0.26,150
51e.jpg,485.64,466.11,731.19,1329.47,2.58,711142.14,2990.34,0.28,150
51f.jpg,480.01,455.6,741.37,1306.17,0.23,687037.58,2939.79,0.31,150
51g.jpg,489.77,463.83,771.02,1267.35,0.65,713688.25,2996.4,0.32,150
51h.jpg,475.02,450.36,801.56,1216.17,2.29,672085.07,2907.69,0.32,150
51i.jpg,488.27,465.18,765.5,1206.92,1.67,713550.61,2995.77,0.3,150
52a.jpg,481.12,455.0,409.51,1400.59,1.45,687719.46,2941.47,0.33,150
52b.jpg,477.47,421.04,453.07,1363.88,2.06,631560.06,2825.52,0.47,150
52c.jpg,491.89,427.26,479.53,1370.95,1.85,660251.59,2891.16,0.5,150
52d.jpg,482.05,445.79,473.53,1394.88,1.65,675099.02,2915.99,0.38,150
52e.jpg,474.32,449.77,524.04,1387.19,0.8,670216.39,2903.64,0.32,150
52f.jpg,488.61,442.23,527.15,1346.99,1.1,678821.26,2926.12,0.43,150
52g.jpg,482.17,439.22,619.45,1317.57,1.26,665319.01,2896.2,0.41,150
52h.jpg,473.12,453.87,628.89,1315.23,2.6,674605.21,2912.53,0.28,150
52i.jpg,476.72,451.73,656.65,1253.42,1.87,676535.58,2917.33,0.32,150
52j.jpg,487.57,461.54,664.57,1340.65,1.77,706957.53,2982.27,0.32,150
53a.jpg,477.81,451.17,733.11,1060.13,2.61,677242.74,2919.07,0.33,160
53b.jpg,467.58,450.34,747.61,1098.11,2.52,661534.16,2884.0,0.27,160
53c.jpg,484.01,461.2,790.38,1082.83,1.09,701274.37,2969.88,0.3,160
53d.jpg,480.45,461.21,841.4,1079.72,0.72,696139.95,2958.62,0.28,160
53e.jpg,485.34,459.51,743.75,1092.95,0.23,700640.13,2968.9,0.32,160
53f.jpg,489.65,450.58,753.83,1103.7,2.16,693119.87,2955.1,0.39,160
53g.jpg,472.54,445.47,806.05,1095.41,2.32,661313.21,2884.64,0.33,160
53h.jpg,485.4,452.68,776.12,1123.11,2.3,690297.06,2947.95,0.36,160
53i.jpg,471.46,441.85,754.57,1129.75,1.62,654430.19,2869.98,0.35,160
54a.jpg,491.9,440.11,661.46,1119.1,2.94,680132.82,2930.28,0.45,200
54b.jpg,494.63,439.32,631.46,1110.27,2.92,682681.91,2936.69,0.46,200
54c.jpg,491.51,449.31,712.42,1146.76,2.78,693797.52,2957.18,0.41,200
54d.jpg,485.85,437.45,680.45,1158.43,3.11,667704.86,2902.64,0.44,200
54e.jpg,471.98,440.98,708.69,1148.45,0.2,653870.41,2868.97,0.36,200
54f.jpg,479.38,449.96,767.92,1097.6,0.39,677640.04,2920.32,0.34,200
54g.jpg,491.68,437.89,790.72,1104.15,3.02,676391.64,2922.78,0.45,200
54h.jpg,449.89,441.85,742.72,1177.38,2.87,624488.95,2801.52,0.19,200
54i.jpg,462.38,448.26,770.22,1109.0,1.65,651160.02,2861.06,0.25,200
55a.jpg,486.36,462.48,673.37,1195.21,1.34,706650.25,2981.35,0.31,180
55b.jpg,494.86,480.18,756.97,1109.75,0.23,746517.3,3063.36,0.24,180
55c.jpg,488.27,478.24,670.78,1121.04,0.32,733597.87,3036.47,0.2,180
55d.jpg,486.11,468.51,629.54,1119.34,0.38,715490.99,2999.28,0.27,180
55e.jpg,496.11,481.16,645.16,1108.92,1.23,749921.42,3070.36,0.24,180
55f.jpg,483.02,475.7,665.68,1073.08,0.33,721851.42,3011.95,0.17,180
55g.jpg,479.47,470.63,656.15,1120.66,1.77,708911.77,2984.9,0.19,180
55h.jpg,507.62,469.47,724.76,1139.69,1.99,748681.2,3070.79,0.38,180
55i.jpg,483.45,479.06,741.09,1178.36,2.72,727588.89,3023.81,0.13,180
55j.jpg,488.38,459.16,716.47,1160.93,1.9,704476.0,2977.47,0.34,180
55k.jpg,499.63,469.54,668.62,1085.21,2.53,737006.06,3045.47,0.34,180
56a.jpg,457.99,410.84,641.03,1186.84,0.45,591122.45,2731.52,0.44,140
56b.jpg,458.11,383.31,695.98,1173.98,2.82,551665.66,2648.64,0.55,140
56c.jpg,469.84,399.87,647.41,1179.12,2.86,590231.83,2736.71,0.53,140
56d.jpg,454.5,406.65,721.07,1188.93,2.94,580637.76,2707.47,0.45,140
56e.jpg,449.84,390.89,696.08,1156.48,0.39,552416.21,2644.49,0.49,140
56f.jpg,462.97,396.29,664.35,1167.22,0.56,576382.7,2703.49,0.52,140
56g.jpg,449.95,410.41,662.25,1129.4,0.12,580144.73,2704.34,0.41,140
56h.jpg,454.26,384.18,709.16,1122.58,2.72,548259.55,2638.63,0.53,140
56i.jpg,420.49,402.65,697.66,1068.81,1.32,531901.53,2586.27,0.29,140
56j.jpg,417.79,405.7,688.71,1147.75,2.79,532491.6,2587.21,0.24,140
57a.jpg,473.73,429.03,621.41,1255.56,0.09,638508.46,2837.84,0.42,150
57b.jpg,474.43,421.83,647.63,1267.78,3.03,628714.17,2818.09,0.46,150
57c.jpg,488.0,431.38,615.56,1254.36,2.93,661344.71,2891.05,0.47,150
57d.jpg,477.26,436.63,668.3,1279.11,3.06,654657.73,2872.48,0.4,150
57e.jpg,467.64,421.41,675.56,1281.75,0.16,619105.07,2794.91,0.43,150
57f.jpg,471.24,419.27,674.66,1276.47,0.26,620707.96,2800.01,0.46,150
57g.jpg,467.95,429.61,706.57,1225.87,0.34,631582.03,2821.07,0.4,150
57h.jpg,482.66,431.36,709.7,1224.63,0.11,654090.75,2873.76,0.45,150
57i.jpg,443.87,434.25,697.73,1241.02,0.95,605541.88,2758.77,0.21,150
57j.jpg,450.47,441.03,731.07,1244.09,0.45,624134.22,2800.79,0.2,150
58a.jpg,465.93,432.04,644.11,1252.73,3.1,632404.62,2822.06,0.37,150
58b.jpg,472.08,406.74,651.96,1252.62,2.9,603229.57,2764.71,0.51,150
58c.jpg,481.76,433.3,616.68,1242.84,2.97,655804.78,2876.78,0.44,150
58d.jpg,476.19,445.52,626.11,1270.63,3.05,666493.08,2896.43,0.35,150
58e.jpg,467.8,434.65,677.99,1283.0,0.06,638773.97,2836.08,0.37,150
58f.jpg,468.88,417.81,647.91,1249.0,0.45,615447.27,2787.93,0.45,150
58g.jpg,470.61,449.66,682.9,1270.54,0.01,664816.96,2891.51,0.3,150
58h.jpg,455.18,421.93,657.73,1264.16,2.06,603346.11,2756.49,0.38,150
58i.jpg,465.56,430.34,672.16,1281.47,2.45,629418.14,2815.65,0.38,150
59a.jpg,394.51,371.0,581.33,1205.49,1.69,459810.69,2405.48,0.34,120
59b.jpg,405.05,363.97,585.67,1206.09,1.77,463150.38,2417.67,0.44,120
59c.jpg,405.37,371.86,574.4,1157.06,2.04,473568.09,2442.88,0.4,120
59d.jpg,400.55,378.54,635.59,1196.01,1.71,476341.82,2448.07,0.33,120
59e.jpg,394.23,367.63,674.66,1241.46,1.41,455309.97,2394.17,0.36,120
59f.jpg,406.8,367.26,707.74,1248.42,1.45,469369.35,2433.4,0.43,120
59g.jpg,405.96,363.91,606.1,1293.44,1.56,464117.44,2420.43,0.44,120
59h.jpg,400.77,360.75,704.06,1295.67,1.69,454210.39,2394.05,0.44,120
59i.jpg,400.45,389.19,684.47,1272.29,1.42,489621.28,2480.85,0.24,120
59j.jpg,404.47,389.07,633.07,1279.61,2.42,494382.06,2493.21,0.27,120
60a.jpg,438.57,409.94,753.94,1099.53,2.79,564822.36,2666.44,0.36,140
60b.jpg,436.09,411.35,721.99,1148.36,3.06,563562.51,2662.89,0.33,140
60c.jpg,454.69,395.86,708.21,1160.51,2.74,565458.12,2675.26,0.49,140
60d.jpg,450.63,420.37,659.63,1153.39,2.59,595111.81,2737.14,0.36,140
60e.jpg,449.13,424.23,703.55,1177.65,3.03,598587.92,2744.31,0.33,140
60f.jpg,453.19,412.48,770.11,1190.44,0.1,587258.01,2721.07,0.41,140
60g.jpg,450.03,400.0,723.64,1181.12,0.43,565530.32,2672.77,0.46,140
60h.jpg,446.68,422.57,787.02,1216.62,0.98,592988.44,2731.36,0.32,140
60i.jpg,433.45,421.43,821.3,1217.94,2.91,573863.68,2685.8,0.23,140
60j.jpg,434.56,404.11,823.07,1224.32,0.15,551697.02,2635.63,0.37,140
60k.jpg,443.04,406.88,748.04,1245.6,1.29,566316.06,2671.31,0.4,140
61a.jpg,452.92,403.05,695.25,1230.67,1.83,573495.6,2691.39,0.46,140
61b.jpg,449.93,417.45,730.21,1197.26,2.37,590051.8,2725.88,0.37,140
61c.jpg,444.16,409.58,703.4,1176.37,2.73,571503.91,2683.18,0.39,140
61d.jpg,453.58,416.11,725.22,1188.24,3.07,592942.79,2733.48,0.4,140
61e.jpg,443.83,433.22,713.86,1171.85,1.89,604041.85,2755.41,0.22,140
61f.jpg,429.01,421.54,794.76,1120.96,0.68,568138.3,2672.13,0.19,140
61g.jpg,442.25,410.51,808.4,1098.2,0.59,570349.75,2679.95,0.37,140
61h.jpg,443.49,427.35,760.35,1109.92,0.89,595403.64,2736.04,0.27,140
61i.jpg,451.31,423.96,820.16,1108.14,2.33,601108.68,2750.42,0.34,140
61j.jpg,450.41,406.33,802.6,1103.76,1.8,574955.25,2693.3,0.43,140
61k.jpg,451.49,416.18,736.81,1139.84,2.46,590307.35,2726.99,0.39,140
61l.jpg,451.5,416.23,735.98,1140.41,2.46,590393.11,2727.18,0.39,140
62a.jpg,467.04,439.94,887.05,1252.84,2.08,645507.55,2850.01,0.34,160
62b.jpg,472.45,447.3,886.01,1248.62,1.99,663904.19,2890.02,0.32,160
62c.jpg,469.18,450.28,849.67,1258.39,1.9,663687.87,2888.85,0.28,160
62d.jpg,476.7,458.29,891.02,1272.08,1.96,686329.57,2937.63,0.28,160
62e.jpg,473.24,456.01,885.55,1262.32,0.5,677955.71,2919.56,0.27,160
62f.jpg,468.33,451.22,859.7,1243.27,1.25,663872.02,2889.08,0.27,160
62g.jpg,476.67,441.58,876.8,1238.75,1.41,661271.73,2885.83,0.38,160
62h.jpg,470.82,463.02,880.8,1252.15,1.38,684857.9,2933.78,0.18,160
62i.jpg,468.48,440.31,887.22,1250.08,1.97,648043.9,2855.75,0.34,160
62j.jpg,467.59,451.06,902.39,1228.41,0.24,662602.2,2886.27,0.26,160
62k.jpg,473.95,460.07,881.32,1241.66,1.9,685026.17,2934.48,0.24,160
63a.jpg,377.85,344.33,865.54,981.21,0.16,408738.39,2270.02,0.41,130
63b.jpg,441.56,382.01,893.72,1178.68,3.02,529918.15,2590.69,0.5,130
63c.jpg,444.81,383.61,875.96,1217.26,2.95,536053.08,2606.09,0.51,130
63d.jpg,450.38,381.7,894.04,1145.97,0.15,540068.46,2618.5,0.53,130
63e.jpg,446.79,377.28,950.34,1083.21,0.16,529551.46,2593.47,0.54,130
63f.jpg,438.71,383.77,914.22,1129.28,0.38,528934.69,2586.79,0.48,130
63g.jpg,441.56,377.92,989.43,1212.98,0.07,524254.03,2578.36,0.52,130
63h.jpg,449.3,382.96,1006.36,1192.33,3.1,540556.93,2618.78,0.52,130
63i.jpg,441.9,381.84,985.69,1182.02,2.97,530090.17,2591.28,0.5,130
63j.jpg,454.8,383.87,980.42,1186.64,2.97,548477.55,2639.48,0.54,130
63k.jpg,400.66,381.03,870.51,1192.08,1.73,479599.19,2456.12,0.31,130
63l.jpg,395.52,389.64,911.61,1135.83,2.4,484155.5,2466.7,0.17,130
64a.jpg,372.97,337.27,777.48,1206.53,0.02,395182.17,2232.68,0.43,80
64b.jpg,371.52,332.35,783.6,1195.68,2.71,387904.55,2212.98,0.45,80
64c.jpg,376.41,362.9,815.55,1194.91,2.62,429136.12,2322.8,0.27,80
64d.jpg,378.8,355.78,860.56,1203.59,3.03,423397.31,2308.34,0.34,80
64e.jpg,383.68,332.66,908.19,1205.52,3.06,400971.19,2253.29,0.5,80
64f.jpg,382.65,337.97,858.67,1203.12,0.1,406285.29,2266.08,0.47,80
64g.jpg,376.87,364.86,844.73,949.19,3.07,431993.21,2330.39,0.25,80
64h.jpg,376.49,346.02,803.21,960.52,0.2,409268.6,2270.85,0.39,80
64i.jpg,377.09,343.47,867.41,981.27,0.16,406894.39,2264.93,0.41,80
65a.jpg,354.55,343.78,735.77,1176.08,1.48,382921.54,2194.0,0.24,80
65b.jpg,356.68,343.83,765.82,1173.02,2.36,385266.45,2200.87,0.27,80
65c.jpg,374.71,338.75,746.03,1136.7,2.87,398775.46,2242.83,0.43,80
65d.jpg,368.15,343.03,755.87,1125.75,0.2,396740.83,2234.94,0.36,80
65e.jpg,374.05,351.62,789.82,1103.21,0.4,413192.0,2280.3,0.34,80
65f.jpg,368.38,345.07,805.88,1121.14,0.24,399347.85,2241.96,0.35,80
65g.jpg,373.16,349.45,796.41,1153.4,3.0,409656.88,2270.73,0.35,80
65h.jpg,375.9,349.03,827.7,1149.53,2.77,412174.47,2278.21,0.37,80
65i.jpg,356.38,342.47,886.78,1228.88,2.17,383425.11,2195.71,0.28,80
65j.jpg,353.97,343.91,882.05,1173.92,1.21,382428.44,2192.54,0.24,80
66a.jpg,347.37,311.18,734.8,1093.45,1.6,339584.15,2070.44,0.44,60
66b.jpg,352.7,318.11,786.8,1043.26,2.67,352480.98,2108.82,0.43,60
66c.jpg,345.17,323.12,799.58,1093.86,0.33,350388.71,2100.08,0.35,60
66d.jpg,357.03,329.49,741.75,1055.35,1.59,369573.79,2157.64,0.39,60
66e.jpg,336.08,316.79,795.66,1030.71,2.97,334471.48,2051.49,0.33,60
66f.jpg,341.17,327.28,784.42,1050.1,1.92,350782.87,2100.22,0.28,60
66g.jpg,360.2,326.67,852.24,1043.13,1.69,369664.26,2159.16,0.42,60
66h.jpg,337.19,312.2,861.04,1037.82,2.92,330709.03,2040.85,0.38,60
66i.jpg,347.76,314.51,850.21,1015.97,1.09,343606.49,2081.89,0.43,60
66j.jpg,353.02,319.08,846.79,1022.34,3.1,353879.22,2112.83,0.43,60
67a.jpg,375.67,351.84,743.69,1103.92,3.12,415243.37,2286.16,0.35,80
67b.jpg,374.55,353.66,752.91,1086.36,0.13,416149.45,2288.22,0.33,80
67c.jpg,371.72,349.64,763.85,1149.17,0.06,408312.83,2266.77,0.34,80
67d.jpg,381.19,332.58,748.16,1102.57,0.14,398278.87,2244.97,0.49,80
67e.jpg,380.72,346.42,749.44,1119.7,0.09,414347.07,2285.66,0.41,80
67f.jpg,375.32,346.89,762.63,1120.59,3.09,409026.02,2269.79,0.38,80
67g.jpg,376.15,324.83,767.43,1151.37,0.02,383857.97,2205.16,0.5,80
67h.jpg,377.25,350.59,745.82,1119.69,2.58,415506.3,2287.34,0.37,80
67i.jpg,360.92,340.24,815.35,1102.52,2.67,385782.77,2203.23,0.33,80
67j.jpg,364.47,340.71,793.22,1036.37,0.17,390117.55,2216.01,0.36,80
68a.jpg,353.06,327.41,614.62,1095.28,2.88,363152.49,2138.51,0.37,80
68b.jpg,357.82,316.87,611.69,1086.86,2.84,356200.51,2121.55,0.46,80
68c.jpg,354.89,335.04,570.62,1108.29,2.97,373542.49,2167.93,0.33,80
68d.jpg,359.47,328.9,653.45,1088.49,0.12,371430.2,2163.65,0.4,80
68e.jpg,354.63,323.04,664.05,1079.8,0.18,359901.24,2130.12,0.41,80
68f.jpg,349.96,324.2,637.5,1064.4,3.03,356437.94,2118.72,0.38,80
68g.jpg,351.73,327.84,660.32,1055.86,0.27,362256.65,2135.58,0.36,80
68h.jpg,354.53,329.44,664.94,1101.96,0.03,366929.45,2149.49,0.37,80
68i.jpg,341.95,323.31,785.28,1090.51,2.86,347317.62,2090.37,0.33,80
68j.jpg,340.82,310.66,738.34,1124.74,2.04,332629.15,2047.78,0.41,80
68k.jpg,341.52,326.46,711.67,1130.04,2.32,350270.34,2098.81,0.29,80
69a.jpg,513.79,489.26,613.98,1150.41,1.28,789717.28,3151.63,0.31,210
69b.jpg,515.09,501.29,748.34,1104.91,2.74,811201.92,3193.22,0.23,210
69c.jpg,532.6,484.75,823.9,1045.57,1.88,811088.55,3197.86,0.41,210
69d.jpg,508.48,487.1,885.84,999.42,1.9,778112.72,3128.07,0.29,210
69e.jpg,528.59,486.15,866.18,985.8,2.09,807314.87,3189.31,0.39,210
69f.jpg,514.77,481.27,863.79,1007.44,2.34,778308.03,3130.04,0.35,210
69g.jpg,511.27,504.4,924.85,1002.55,2.97,810173.4,3190.87,0.16,210
69h.jpg,518.35,484.03,866.51,1008.23,1.06,788207.87,3149.98,0.36,210
69i.jpg,529.36,482.25,955.08,996.09,1.17,802001.64,3179.8,0.41,210
69j.jpg,505.76,493.32,909.69,966.16,1.31,783831.45,3138.82,0.22,210
69k.jpg,516.64,489.29,914.83,874.52,0.48,794159.99,3160.82,0.32,210
69l.jpg,519.17,502.17,850.61,935.18,0.49,819050.19,3208.86,0.25,210
70a.jpg,469.89,464.24,809.4,1132.03,2.89,685319.32,2934.7,0.15,165
70b.jpg,469.77,457.58,915.73,1125.59,2.8,675311.7,2913.49,0.23,165
70c.jpg,461.81,456.67,923.76,1102.28,2.83,662550.38,2885.52,0.15,165
70d.jpg,465.2,451.9,880.25,1084.6,1.8,660440.01,2881.31,0.24,165
70e.jpg,462.64,460.4,878.68,1067.71,2.21,669161.61,2899.83,0.1,165
70f.jpg,468.45,462.09,951.53,1057.25,0.36,680046.58,2923.41,0.16,165
70g.jpg,470.51,453.78,947.04,1048.74,0.09,670749.32,2903.97,0.26,165
70h.jpg,450.38,439.73,938.4,1064.95,0.49,622176.9,2796.46,0.22,165
70i.jpg,464.5,452.91,958.84,1069.87,2.97,660912.62,2882.23,0.22,165
71a.jpg,425.95,392.9,750.29,1048.93,1.53,525764.64,2573.54,0.39,120
71b.jpg,421.78,398.55,767.18,1099.33,1.98,528108.29,2577.67,0.33,120
71c.jpg,434.44,374.71,872.0,1032.57,3.12,511415.75,2545.48,0.51,120
71d.jpg,442.93,390.47,881.49,1076.54,2.74,543336.84,2620.79,0.47,120
71e.jpg,437.3,404.03,897.28,1078.19,2.84,555056.81,2644.13,0.38,120
71f.jpg,433.48,382.4,893.87,1069.75,0.23,520761.28,2565.68,0.47,120
71g.jpg,430.22,380.46,866.59,1043.32,0.51,514215.16,2549.21,0.47,120
71h.jpg,421.84,408.77,926.26,1024.65,0.2,541720.58,2609.6,0.25,120
71i.jpg,420.42,390.24,936.35,1100.37,2.54,515423.66,2547.64,0.37,120
71j.jpg,419.83,394.39,902.89,1100.25,1.3,520174.21,2558.57,0.34,120
72a.jpg,470.61,430.94,969.96,982.1,2.53,637130.05,2833.67,0.4,110
72b.jpg,472.39,449.84,996.32,982.38,2.54,667589.43,2897.71,0.31,110
72c.jpg,466.68,445.14,1003.39,978.44,0.17,652627.94,2864.97,0.3,110
72d.jpg,465.25,443.54,1005.62,977.8,0.22,648290.53,2855.46,0.3,110
72e.jpg,470.49,433.82,948.09,945.68,0.64,641231.41,2842.16,0.39,110
72f.jpg,464.56,447.07,990.39,910.45,1.29,652484.75,2864.24,0.27,110
72g.jpg,459.78,442.76,1003.23,891.6,2.32,639530.85,2835.64,0.27,110
72h.jpg,457.91,445.61,1072.48,1031.61,2.11,641036.87,2838.62,0.23,110
72i.jpg,453.73,434.8,748.47,1059.5,2.37,619789.17,2791.74,0.29,110
72j.jpg,453.69,434.84,747.18,1060.26,2.37,619772.75,2791.69,0.29,110
73a.jpg,418.16,401.56,926.64,992.3,2.07,527518.46,2575.48,0.28,130
73b.jpg,440.79,382.78,907.97,974.21,2.51,530061.36,2590.52,0.5,130
73c.jpg,438.63,402.48,903.98,990.62,1.93,554614.61,2643.64,0.4,130
73d.jpg,433.45,409.96,911.07,1006.08,2.37,558256.84,2650.18,0.32,130
73e.jpg,433.18,399.88,985.16,1011.1,0.6,544187.25,2618.18,0.38,130
73f.jpg,439.93,386.61,899.03,974.31,1.01,534317.48,2599.33,0.48,130
73g.jpg,438.73,399.96,970.8,969.06,1.18,551270.61,2636.23,0.41,130
73h.jpg,431.31,402.93,934.31,953.34,0.44,545968.2,2621.59,0.36,130
73i.jpg,432.04,407.2,973.22,999.74,0.48,552691.55,2637.13,0.33,130
74a.jpg,400.51,369.95,817.55,1156.52,2.63,465480.43,2421.41,0.38,100
74b.jpg,398.99,368.04,855.53,1149.32,2.65,461333.42,2410.7,0.39,100
74c.jpg,399.44,373.89,839.26,1151.98,2.55,469184.9,2430.15,0.35,100
74d.jpg,387.35,385.69,880.77,1108.5,1.6,469336.44,2428.56,0.09,100
74e.jpg,394.83,367.69,859.23,1094.37,0.68,456083.03,2396.29,0.36,100
74f.jpg,400.9,371.39,868.08,1057.93,0.75,467753.27,2427.11,0.38,100
74g.jpg,392.84,382.06,874.37,1057.23,0.06,471525.17,2434.56,0.23,100
74h.jpg,401.72,370.1,889.69,1052.74,2.44,467074.63,2425.74,0.39,100
74i.jpg,385.56,380.6,905.77,1095.54,1.26,461004.7,2406.97,0.16,100
74j.jpg,391.33,378.87,918.43,1049.15,2.92,465778.57,2419.8,0.25,100
74k.jpg,391.89,378.78,918.4,1049.02,2.91,466339.86,2421.31,0.26,100
75a.jpg,449.35,425.52,854.06,1003.48,2.39,600706.8,2749.02,0.32,140
75b.jpg,440.56,412.04,900.29,1001.97,0.0,570290.62,2679.28,0.35,140
75c.jpg,447.17,427.16,904.87,1040.36,2.43,600096.57,2747.17,0.3,140
75d.jpg,442.12,428.72,934.98,1048.59,2.62,595471.62,2735.98,0.24,140
75e.jpg,443.43,407.58,943.56,1058.18,0.28,567786.25,2674.71,0.39,140
75f.jpg,444.61,428.98,902.86,1040.29,0.66,599186.98,2744.67,0.26,140
75g.jpg,445.78,435.69,972.17,1046.23,0.9,610175.3,2769.33,0.21,140
75h.jpg,440.6,412.08,953.19,1035.12,3.12,570389.23,2679.51,0.35,140
75i.jpg,447.53,415.01,932.44,1002.08,2.32,583487.95,2710.72,0.37,140
75j.jpg,452.63,421.49,938.1,1019.95,2.21,599353.06,2747.01,0.36,140
76a.jpg,496.24,458.83,892.09,1092.38,2.58,715316.69,3001.61,0.38,200
76b.jpg,531.47,486.19,869.01,1031.91,2.79,811776.37,3198.66,0.4,200
76c.jpg,519.45,474.48,849.4,1042.16,0.19,774301.19,3124.11,0.41,200
76d.jpg,525.72,502.23,875.76,1048.44,0.45,829477.69,3229.81,0.3,200
76e.jpg,522.66,495.32,974.96,1011.84,0.22,813317.48,3198.67,0.32,200
76f.jpg,534.0,469.8,891.45,1020.57,0.07,788144.12,3156.76,0.48,200
76g.jpg,525.04,494.2,866.8,1033.81,2.8,815171.0,3202.78,0.34,200
76h.jpg,526.36,494.17,981.91,1045.91,2.87,817167.38,3206.89,0.34,200
76i.jpg,493.26,462.83,914.11,1053.21,1.56,717207.22,3004.4,0.35,200
76j.jpg,527.74,486.11,920.65,1024.81,1.81,805932.48,3186.43,0.39,200
77a.jpg,487.25,478.76,862.79,1153.24,2.05,732861.37,3034.88,0.19,190
77b.jpg,496.27,478.3,827.2,1139.82,1.82,745709.76,3061.97,0.27,190
77c.jpg,505.21,472.65,920.82,1141.18,1.63,750178.12,3072.9,0.35,190
77d.jpg,486.48,468.14,916.73,1138.99,1.56,715471.61,2999.31,0.27,190
77e.jpg,513.85,466.66,937.29,1165.58,1.77,753332.63,3082.15,0.42,190
77f.jpg,497.15,474.22,981.68,1187.05,1.62,740657.59,3052.07,0.3,190
77g.jpg,495.5,469.46,947.86,1160.73,0.05,730788.51,3032.06,0.32,190
77h.jpg,513.3,489.63,913.5,1142.47,1.42,789572.59,3151.25,0.3,190
78a.jpg,501.43,460.1,682.73,1142.82,0.19,724790.25,3022.13,0.4,180
78b.jpg,492.1,479.96,770.71,1175.55,0.06,742008.68,3053.94,0.22,180
78c.jpg,488.72,457.17,795.06,1157.44,3.1,701923.12,2972.43,0.35,180
78d.jpg,484.91,471.26,689.63,1143.37,3.11,717906.74,3004.04,0.24,180
78e.jpg,479.94,477.6,821.57,1159.96,0.19,720102.02,3008.18,0.1,180
78f.jpg,491.61,462.61,757.27,1177.39,3.14,714477.24,2998.47,0.34,180
78f.jpg,491.61,462.61,757.27,1177.39,3.14,714477.24,2998.47,0.34,180
78g.jpg,474.65,451.21,918.92,1114.7,2.62,672826.65,2909.14,0.31,180
78h.jpg,489.18,466.62,943.05,1089.12,1.81,717105.46,3003.16,0.3,180
78i.jpg,489.26,467.09,941.63,1090.4,1.82,717951.0,3004.88,0.3,180
79a.jpg,507.68,491.31,1042.55,1327.66,0.06,783592.13,3138.61,0.25,200
79b.jpg,489.72,478.94,948.81,1363.19,2.77,736858.59,3043.25,0.21,200
79c.jpg,514.78,492.29,1010.92,1305.5,0.3,796146.49,3164.2,0.29,200
79d.jpg,506.98,487.81,971.48,1346.92,2.87,776947.41,3125.52,0.27,200
79e.jpg,511.41,482.84,1039.24,1319.76,2.55,775748.26,3124.17,0.33,200
79f.jpg,513.75,492.59,1056.24,1310.09,2.8,795037.12,3161.86,0.28,200
79g.jpg,521.45,487.31,1075.66,1301.21,0.57,798305.05,3170.03,0.36,200
79h.jpg,506.52,497.41,1021.51,1220.7,0.26,791516.79,3154.0,0.19,200
79i.jpg,502.57,483.67,979.15,844.63,3.11,763646.38,3098.64,0.27,200
79j.jpg,510.04,496.43,973.25,880.94,2.18,795447.71,3162.06,0.23,200
80a.jpg,535.24,495.2,1137.19,1389.29,0.16,832695.33,3238.47,0.38,200
80b.jpg,528.45,489.09,1182.94,1366.26,0.06,811974.27,3197.89,0.38,200
80c.jpg,529.2,495.85,1104.85,1408.44,2.76,824374.8,3221.16,0.35,200
80d.jpg,532.69,484.64,1164.56,1452.21,3.09,811044.94,3197.83,0.42,200
80e.jpg,548.64,487.28,1117.49,1447.69,0.25,839873.46,3257.29,0.46,200
80f.jpg,545.21,496.48,1143.89,1381.09,0.28,850377.65,3274.34,0.41,200
80g.jpg,492.12,478.42,1117.01,1466.1,0.83,739659.9,3049.2,0.23,200
80h.jpg,518.39,493.47,1145.71,1401.89,1.04,803645.78,3179.32,0.31,200
81a.jpg,449.82,440.32,870.13,1296.19,3.1,622244.17,2796.55,0.2,150
81b.jpg,455.53,440.03,916.78,1297.17,1.16,629722.64,2813.7,0.26,150
81c.jpg,469.37,423.42,937.63,1297.29,1.47,624352.36,2806.62,0.43,150
81d.jpg,449.07,424.23,981.37,1313.05,1.29,598493.88,2744.09,0.33,150
81e.jpg,441.6,432.49,956.56,1288.2,1.88,600000.97,2746.1,0.2,150
81f.jpg,460.45,433.79,1013.7,1293.52,1.81,627502.06,2809.97,0.34,150
81g.jpg,442.58,438.94,1078.59,1338.32,1.55,610306.06,2769.39,0.13,150
81h.jpg,453.24,435.01,1083.82,1316.01,1.46,619412.13,2790.82,0.28,150
81i.jpg,445.4,422.0,1124.81,1322.22,1.3,590492.99,2725.52,0.32,150
81j.jpg,445.05,428.11,1094.47,1349.86,1.94,598564.55,2743.36,0.27,150
81k.jpg,449.79,439.64,1120.65,1269.7,2.98,621227.13,2794.3,0.21,150
81l.jpg,459.68,441.41,1128.06,1314.33,1.66,637460.11,2831.17,0.28,150
82a.jpg,477.34,425.87,887.32,1151.44,0.09,638639.96,2839.83,0.45,145
82b.jpg,476.99,431.22,993.64,1177.86,0.0,646183.78,2855.03,0.43,145
82c.jpg,489.97,417.39,998.9,1227.15,3.11,642488.31,2855.13,0.52,145
82d.jpg,486.64,420.04,984.25,1270.67,0.17,642155.77,2852.24,0.5,145
82e.jpg,481.85,422.11,995.72,1252.62,0.19,638968.05,2842.95,0.48,145
82f.jpg,489.05,416.79,1030.98,1294.55,0.09,640349.78,2850.3,0.52,145
82g.jpg,479.17,417.35,1017.96,1282.58,0.26,628258.04,2819.84,0.49,145
82h.jpg,478.66,432.76,1051.06,1311.9,0.0,650766.98,2865.13,0.43,145
82i.jpg,435.72,410.65,973.89,1304.82,2.47,562114.3,2659.52,0.33,145
82j.jpg,445.34,425.42,906.49,1315.06,1.94,595194.17,2735.93,0.3,145
82k.jpg,445.44,425.6,907.26,1314.61,1.94,595590.67,2736.83,0.3,145
83a.jpg,456.27,421.41,1061.37,1255.38,2.39,604064.9,2758.42,0.38,130
83b.jpg,445.16,416.23,1082.61,1314.83,2.19,582105.23,2706.91,0.35,130
83c.jpg,508.89,422.38,1105.81,1315.71,2.66,675267.94,2931.99,0.56,130
83d.jpg,512.03,403.67,1098.82,1360.44,3.13,649338.39,2886.84,0.62,130
83e.jpg,520.06,425.34,1080.45,1342.88,0.39,694932.05,2977.53,0.58,130
83f.jpg,523.86,422.72,1145.7,1338.99,0.56,695685.32,2982.24,0.59,130
83g.jpg,480.48,412.19,1145.37,1312.28,0.23,622195.5,2808.52,0.51,130
83h.jpg,510.45,423.59,1061.1,1350.51,2.51,679275.36,2940.71,0.56,130
83i.jpg,508.55,424.78,1200.5,1355.93,2.66,678641.76,2938.03,0.55,130
83j.jpg,507.93,404.22,1152.81,1392.33,2.94,645017.05,2874.87,0.61,130
83k.jpg,445.17,415.34,1100.22,1373.96,0.97,580873.0,2704.19,0.36,130
83l.jpg,455.13,421.62,1141.0,1387.83,3.01,602839.37,2755.38,0.38,130
84a.jpg,496.39,466.12,1011.57,1305.84,2.57,726894.36,3024.56,0.34,170
84b.jpg,487.19,462.36,1012.68,1322.2,2.74,707668.86,2983.61,0.32,170
84c.jpg,486.11,472.48,1107.86,1328.37,2.4,721556.39,3011.66,0.24,170
84d.jpg,480.97,467.2,1072.63,1342.42,1.32,705951.3,2978.93,0.24,170
84e.jpg,504.24,461.72,1142.89,1315.34,0.83,731416.05,3036.12,0.4,170
84f.jpg,481.19,464.47,1110.85,1284.49,0.54,702130.93,2971.09,0.26,170
84g.jpg,487.91,476.57,1146.82,1266.65,2.64,730499.62,3030.12,0.21,170
84h.jpg,474.66,465.66,1085.95,1276.5,0.06,694378.07,2954.15,0.19,170
84i.jpg,482.5,468.3,1017.55,1251.34,0.82,709851.77,2987.18,0.24,170
85a.jpg,432.19,390.69,901.41,1333.85,1.76,530470.13,2586.81,0.43,125
85b.jpg,444.31,393.38,948.61,1342.04,1.72,549096.75,2634.11,0.46,125
85c.jpg,423.36,401.85,934.91,1317.13,1.47,534459.68,2592.89,0.31,125
85d.jpg,435.78,398.56,936.37,1329.1,1.3,545647.03,2622.46,0.4,125
85e.jpg,437.31,398.8,990.12,1338.11,1.54,547890.95,2628.11,0.41,125
85f.jpg,417.9,396.98,1005.44,1335.52,1.71,521178.97,2560.43,0.31,125
85g.jpg,434.1,389.69,997.0,1380.21,1.76,531441.57,2589.88,0.44,125
85h.jpg,428.95,417.27,1024.4,1309.92,0.7,562302.32,2658.59,0.23,125
85i.jpg,433.25,422.5,1026.57,1316.02,0.29,575067.83,2688.54,0.22,125
86a.jpg,417.05,363.68,972.99,1165.42,0.19,476484.35,2455.58,0.49,90
86b.jpg,417.0,363.33,969.16,1167.49,0.19,475976.86,2454.37,0.49,90
86c.jpg,417.01,363.92,976.55,1164.52,0.19,476762.6,2456.2,0.49,90
86d.jpg,409.07,369.92,929.15,1200.95,3.08,475397.24,2448.82,0.43,90
86e.jpg,408.77,375.82,955.0,1190.56,3.1,482622.74,2465.95,0.39,90
86f.jpg,403.8,374.27,967.31,1225.92,3.05,474781.91,2445.24,0.38,90
86g.jpg,409.91,376.88,933.17,1241.6,0.21,485327.7,2472.84,0.39,90
86h.jpg,414.0,366.65,892.47,1246.05,0.06,476861.79,2454.71,0.46,90
86i.jpg,409.55,373.0,868.23,1200.65,3.13,479915.5,2459.79,0.41,90
86j.jpg,382.05,371.47,950.73,1366.83,0.24,445852.75,2367.36,0.23,90
86k.jpg,366.7,355.6,945.21,1331.69,0.77,409666.42,2269.33,0.24,90
87a.jpg,482.4,452.09,1088.46,1159.52,2.96,685144.9,2936.56,0.35,160
87b.jpg,453.96,421.6,958.43,1206.37,2.24,601265.19,2751.59,0.37,160
87c.jpg,488.67,440.87,878.09,1177.64,2.93,676831.58,2922.18,0.43,160
87d.jpg,494.05,463.69,931.15,1165.86,2.97,719699.08,3009.59,0.35,160
87e.jpg,496.73,450.57,998.69,1206.22,0.05,703124.63,2977.8,0.42,160
87f.jpg,482.95,431.94,897.77,1199.33,0.28,655354.13,2876.45,0.45,160
87g.jpg,482.88,463.1,947.22,1189.83,1.04,702522.83,2972.2,0.28,160
87h.jpg,471.38,460.65,1016.31,1157.23,3.06,682170.7,2928.16,0.21,160
87i.jpg,485.47,445.58,905.51,1165.92,2.92,679566.37,2926.3,0.4,160
87j.jpg,462.15,427.13,976.31,1163.25,1.4,620141.79,2794.83,0.38,160
87k.jpg,477.37,451.87,854.08,1214.31,2.86,677665.96,2919.83,0.32,160
88a.jpg,474.81,454.57,879.9,1237.08,2.55,678062.02,2920.08,0.29,155
88b.jpg,452.84,433.08,993.93,1206.3,1.99,616115.63,2783.54,0.29,155
88c.jpg,497.81,448.55,898.26,1233.43,0.29,701492.38,2975.09,0.43,155
88d.jpg,494.44,457.04,968.91,1213.84,0.19,709933.84,2990.32,0.38,155
88e.jpg,499.52,443.91,1001.57,1183.69,0.19,696617.82,2966.44,0.46,155
88f.jpg,500.48,434.4,944.81,1169.4,0.18,683007.57,2940.68,0.5,155
88g.jpg,496.67,453.93,1023.55,1180.28,3.07,708284.64,2987.91,0.41,155
88h.jpg,508.52,442.2,1006.07,1186.75,2.99,706445.3,2990.42,0.49,155
88i.jpg,506.4,441.31,988.44,1219.76,0.02,702084.01,2980.83,0.49,155
88j.jpg,501.41,453.39,923.62,1200.38,0.15,714185.63,3001.48,0.43,155
88k.jpg,453.08,434.77,951.48,1239.88,3.12,618854.89,2789.57,0.28,155
88l.jpg,475.74,455.03,985.89,1163.63,1.34,680074.4,2924.45,0.29,155
89a.jpg,495.49,481.68,769.45,1386.91,2.82,749793.81,3070.02,0.23,180
89b.jpg,504.05,480.49,828.37,1409.89,2.64,760865.1,3093.47,0.3,180
89c.jpg,510.09,469.37,822.23,1455.23,2.84,752176.6,3078.42,0.39,180
89d.jpg,517.61,477.41,789.36,1444.8,0.08,776326.02,3127.22,0.39,180
89e.jpg,516.74,476.23,817.5,1435.01,0.4,773106.98,3120.81,0.39,180
89f.jpg,511.08,482.34,918.1,1428.51,0.48,774456.71,3121.59,0.33,180
89g.jpg,493.63,479.41,938.62,1471.48,0.27,743458.26,3057.05,0.24,180
89h.jpg,475.59,466.66,967.27,1203.91,2.05,697237.82,2960.22,0.19,180
89i.jpg,487.05,483.65,944.3,1194.55,0.66,740050.44,3049.58,0.12,180
90a.jpg,432.65,419.72,812.44,1477.86,0.44,570491.7,2677.96,0.24,140
90b.jpg,433.3,420.08,802.12,1466.76,0.54,571832.09,2681.13,0.25,140
90c.jpg,453.85,425.52,820.6,1452.07,1.77,606719.01,2763.36,0.35,140
90d.jpg,448.62,427.36,860.9,1453.89,1.94,602302.32,2752.35,0.3,140
90e.jpg,433.53,423.4,881.16,1459.49,0.06,576670.64,2692.24,0.21,140
90f.jpg,444.92,432.3,870.57,1466.39,1.03,604260.19,2756.03,0.24,140
90g.jpg,449.85,430.67,952.7,1463.0,1.76,608640.93,2766.56,0.29,140
90h.jpg,443.02,415.35,873.58,1417.29,2.96,578083.42,2697.36,0.35,140
90i.jpg,452.41,421.26,899.28,1422.9,1.71,598733.15,2745.59,0.36,140
91a.jpg,511.21,494.73,1204.24,1537.63,1.4,794534.71,3160.45,0.25,175
91b.jpg,499.1,465.88,1179.57,1534.03,3.14,730490.69,3032.48,0.36,175
91c.jpg,498.87,488.58,1075.22,1509.15,1.63,765729.22,3102.26,0.2,175
91d.jpg,504.6,486.03,1127.64,1536.39,2.02,770484.41,3112.44,0.27,175
91e.jpg,518.91,465.99,1191.83,1570.54,2.86,759656.01,3096.38,0.44,175
91f.jpg,511.04,478.01,1090.32,1559.3,0.14,767438.27,3108.06,0.35,175
91g.jpg,514.96,490.54,1026.25,1539.54,1.06,793584.16,3159.32,0.3,175
91h.jpg,508.86,448.88,921.22,1467.87,3.1,717594.19,3011.78,0.47,175
91i.jpg,510.47,459.29,915.02,1457.13,0.01,736562.26,3048.72,0.44,175
92a.jpg,469.41,418.86,964.9,1485.16,2.89,617702.92,2792.87,0.45,125
92b.jpg,464.84,417.51,939.42,1492.7,0.11,609707.19,2773.98,0.44,125
92c.jpg,459.26,429.43,892.43,1499.17,0.4,619588.18,2792.7,0.35,125
92d.jpg,460.04,429.77,1004.91,1514.3,0.26,621120.01,2796.21,0.36,125
92e.jpg,464.3,420.77,1031.1,1551.3,0.11,613758.88,2782.23,0.42,125
92f.jpg,455.47,434.04,1055.26,1553.38,2.99,621060.49,2794.87,0.3,125
92g.jpg,463.86,429.58,1080.58,1566.66,2.67,626005.18,2807.85,0.38,125
92h.jpg,441.84,407.72,1083.21,1545.0,0.15,565949.19,2670.05,0.39,125
92i.jpg,448.89,427.18,1074.59,1531.44,1.52,602421.61,2752.68,0.31,125
93a.jpg,515.06,466.85,864.92,1503.49,1.15,755413.52,3086.62,0.42,190
93b.jpg,516.26,467.86,877.37,1509.57,1.64,758803.74,3093.56,0.42,190
93c.jpg,512.31,464.28,827.81,1496.93,2.1,747238.65,3069.89,0.42,190
93d.jpg,506.69,478.16,865.47,1532.81,1.92,761142.07,3094.65,0.33,190
93e.jpg,514.92,485.91,850.88,1538.21,1.68,786042.17,3144.86,0.33,190
93f.jpg,505.05,486.91,912.95,1521.36,0.98,772557.15,3116.59,0.27,190
93g.jpg,521.19,478.93,869.1,1443.22,1.06,784173.61,3143.35,0.39,190
93h.jpg,513.87,502.72,971.96,1493.07,0.64,811570.99,3193.8,0.21,190
93i.jpg,507.04,482.52,971.39,1483.36,0.97,768605.69,3109.26,0.31,190
94a.jpg,505.07,460.95,1059.25,1311.11,1.09,731410.66,3036.44,0.41,160
94b.jpg,492.1,454.61,1055.62,1264.11,0.49,702815.79,2975.34,0.38,160
94c.jpg,492.5,458.3,1011.37,1245.85,0.04,709088.83,2987.97,0.37,160
94d.jpg,496.2,472.56,1000.15,1247.19,2.65,736646.63,3043.89,0.3,160
94e.jpg,499.03,467.92,1033.86,1290.38,2.65,733592.07,3038.57,0.35,160
94f.jpg,494.7,453.32,1051.33,1346.48,2.84,704530.4,2979.72,0.4,160
94g.jpg,493.9,473.77,946.82,1343.02,0.66,735113.17,3040.35,0.28,160
94h.jpg,501.53,465.05,1014.25,1370.03,0.88,732746.63,3037.71,0.37,160
94i.jpg,485.16,447.1,1006.03,1400.21,2.24,681458.95,2930.0,0.39,160
94j.jpg,502.13,465.44,999.63,1324.34,2.11,734225.0,3040.8,0.38,160
95a.jpg,490.57,393.08,982.4,1304.95,0.07,605796.05,2784.51,0.6,125
95b.jpg,493.74,372.59,930.58,1285.54,0.02,577939.86,2734.99,0.66,125
95c.jpg,497.48,394.04,937.11,1291.63,3.06,615838.97,2810.23,0.61,125
95d.jpg,488.7,384.95,963.53,1280.75,3.08,591017.87,2754.35,0.62,125
95e.jpg,493.52,394.12,930.89,1263.96,0.18,611066.44,2797.37,0.6,125
95f.jpg,492.62,390.8,1000.45,1292.51,3.12,604798.19,2784.55,0.61,125
95g.jpg,409.47,384.26,983.77,1300.33,1.43,494313.7,2494.22,0.35,125
95h.jpg,418.83,398.2,1029.17,1254.67,0.31,523941.43,2567.17,0.31,125
96a.jpg,460.46,423.68,851.21,1909.2,0.4,612882.55,2778.8,0.39,130
96b.jpg,454.53,418.38,845.72,1892.5,0.14,597433.78,2743.52,0.39,130
96c.jpg,461.77,418.14,922.78,1448.03,2.92,606592.2,2766.02,0.42,130
96d.jpg,475.04,414.4,925.28,1459.98,2.62,618441.59,2797.51,0.49,130
96e.jpg,456.18,419.35,972.39,1484.02,2.99,600981.67,2751.77,0.39,130
96f.jpg,465.59,414.54,927.26,1498.55,0.16,606335.82,2767.31,0.46,130
96g.jpg,476.36,414.41,992.32,1506.97,0.56,620177.64,2801.83,0.49,130
96h.jpg,462.15,415.27,973.9,1529.38,0.13,602929.63,2758.47,0.44,130
96i.jpg,444.23,421.96,1018.1,1601.99,3.08,588879.59,2721.66,0.31,130
96j.jpg,437.15,430.62,973.17,1503.43,0.49,591393.09,2726.22,0.17,130
97a.jpg,408.96,392.79,1056.25,1468.05,0.37,504646.24,2519.02,0.28,100
97b.jpg,406.81,386.37,1050.47,1487.79,2.85,493791.91,2492.26,0.31,100
97c.jpg,408.08,392.46,1040.89,1506.9,2.83,503140.35,2515.21,0.27,100
97d.jpg,417.88,388.78,1084.5,1525.07,0.08,510397.09,2535.03,0.37,100
97e.jpg,411.72,384.01,1066.2,1547.35,0.3,496697.47,2500.61,0.36,100
97f.jpg,412.88,401.7,1113.86,1494.35,0.25,521043.01,2559.19,0.23,100
97g.jpg,401.27,391.24,1088.11,1543.05,1.82,493211.2,2489.85,0.22,100
97h.jpg,392.26,382.58,1084.37,1529.12,2.22,471453.32,2434.31,0.22,100
98a.jpg,504.55,472.15,1077.63,1715.88,0.54,748412.26,3069.26,0.35,175
98b.jpg,507.79,484.44,1042.59,1736.29,0.47,772808.99,3117.61,0.3,175
98c.jpg,503.11,482.46,957.19,1500.13,0.66,762550.51,3096.58,0.28,175
98d.jpg,497.24,488.19,986.92,1497.77,1.84,762625.98,3095.91,0.19,175
98e.jpg,505.28,464.16,991.21,1498.34,2.67,736799.18,3046.95,0.4,175
98f.jpg,492.89,490.93,969.95,1535.87,0.81,760183.99,3090.76,0.09,175
98g.jpg,497.21,487.43,1013.16,1517.82,2.45,761378.32,3093.41,0.2,175
98h.jpg,497.42,471.37,1015.11,1528.05,0.38,736599.49,3044.08,0.32,175
98i.jpg,493.67,466.92,1055.78,1518.62,1.2,724146.82,3018.36,0.32,175
98j.jpg,509.52,489.88,1112.66,1413.66,0.05,784144.56,3139.99,0.27,175
99a.jpg,458.69,428.37,984.58,1602.55,1.98,617290.68,2787.6,0.36,150
99b.jpg,460.59,424.58,869.76,1539.89,2.13,614360.12,2781.99,0.39,150
99c.jpg,461.39,439.97,895.31,1524.59,2.13,637739.0,2832.11,0.3,150
99d.jpg,465.57,442.03,955.86,1550.97,1.64,646530.7,2851.8,0.31,150
99e.jpg,454.66,441.36,971.98,1557.09,1.26,630430.63,2815.11,0.24,150
99f.jpg,464.18,436.01,985.15,1548.79,1.22,635810.3,2828.71,0.34,150
99g.jpg,471.02,426.32,990.06,1526.66,1.38,630848.07,2820.82,0.43,150
99h.jpg,456.49,431.64,1034.82,1550.9,1.7,619012.02,2790.68,0.33,150
99i.jpg,458.75,441.27,1034.14,1533.5,0.03,635953.62,2827.75,0.27,150
99j.jpg,466.04,454.05,1015.19,1529.93,1.84,664788.12,2890.69,0.23,150
99k.jpg,466.66,454.44,1015.12,1530.31,1.85,666230.67,2893.84,0.23,150
100a.jpg,386.42,378.35,1073.89,1569.78,1.87,459313.24,2402.68,0.2,100
100b.jpg,395.39,384.2,1089.13,1579.19,0.75,477232.66,2449.27,0.24,100
100c.jpg,401.6,381.16,826.55,1605.5,0.79,480892.73,2459.52,0.31,100
100d.jpg,397.39,383.47,848.24,1567.05,1.06,478735.08,2453.33,0.26,100
100e.jpg,393.12,382.97,846.11,1583.91,2.4,472978.16,2438.27,0.23,100
100f.jpg,403.05,377.09,865.01,1573.95,1.95,477468.51,2451.54,0.35,100
100g.jpg,395.75,380.99,934.53,1548.92,1.84,473676.83,2440.41,0.27,100
100h.jpg,385.67,381.46,954.16,1578.36,1.62,462185.89,2410.03,0.15,100
100i.jpg,399.44,393.45,889.17,1588.39,1.79,493732.13,2490.97,0.17,100
100j.jpg,401.1,392.23,958.94,1558.99,2.51,494248.31,2492.4,0.21,100